GEOID20,County20,County24,Urban,POP2020,GroupQuartersFlag,PCTGQTRS,LowIncomeTracts,PovertyRate,MedianFamilyIncome,TractLOWI,TractKids,TractSeniors,TractHUNV,TractSNAP,DD_SRAM_LILATracts_1And10,DD_SRAM_LAPOP1_10,DD_SRAM_LALOWI1_10,la_kids_mixed,la_seniors_mixed,la_hunv_mixed,la_snap_mixed,low_access_population_pct,low_income_low_access_population_pct,low_access_children_pct,low_access_seniors_pct,low_access_no_vehicle_housing_units_pct,low_access_snap_housing_units_pct,priority_rank_by_affected_low_income_count
01073011110,Jefferson County,Jefferson County,1,5813,0.0,0.0,1,21.6,101424.0,4312.0,1376,850,24.0,193.0,1.0,4568,3388.0,1081,668,19.0,152.0,78.58248752795458,78.57142857142857,78.56104651162791,78.58823529411765,79.16666666666667,78.75647668393782,1
01081040602,Lee County,Lee County,1,8254,0.0,0.05,1,23.5,115861.0,6622.0,2503,642,137.0,419.0,1.0,3982,3194.0,1207,310,66.0,202.0,48.24327598740005,48.23316218665056,48.22213343987215,48.28660436137071,48.175182481751825,48.21002386634845,2
01003011000,Baldwin County,Baldwin County,1,5459,0.0,0.26,1,16.7,74688.0,3749.0,1194,1089,12.0,395.0,1.0,4372,3003.0,956,872,10.0,316.0,80.08792819197656,80.1013603627634,80.06700167504188,80.0734618916437,83.33333333333333,80.0,3
01073012701,Jefferson County,Jefferson County,1,4081,0.0,4.19,1,14.7,71018.0,3189.0,823,888,63.0,138.0,1.0,2857,2232.0,576,622,44.0,97.0,70.00735113942662,69.99059266227657,69.98784933171325,70.04504504504504,69.84126984126983,70.28985507246377,4
01073012905,Jefferson County,Jefferson County,1,4767,0.0,5.48,1,27.6,250001.0,4217.0,1301,1014,32.0,0.0,1.0,2414,2136.0,659,514,16.0,0.0,50.63981539752465,50.65212236186863,50.653343581860106,50.69033530571992,50.0,,5
01073011208,Jefferson County,Jefferson County,1,4559,0.0,0.0,1,19.3,61838.0,2938.0,1196,633,59.0,286.0,1.0,3112,2005.0,816,432,40.0,195.0,68.26058346128536,68.24370319945541,68.22742474916387,68.24644549763033,67.79661016949153,68.18181818181819,6
01089010626,Madison County,Madison County,1,3584,0.0,6.56,1,12.4,59265.0,2642.0,486,566,75.0,241.0,1.0,2330,1717.0,316,368,49.0,157.0,65.01116071428571,64.9886449659349,65.02057613168725,65.01766784452296,65.33333333333333,65.14522821576763,7
01003011603,Baldwin County,Baldwin County,1,3298,0.0,0.0,1,3.5,75434.0,2348.0,456,1288,58.0,44.0,1.0,2293,1632.0,317,895,40.0,31.0,69.52698605215282,69.50596252129472,69.51754385964912,69.48757763975155,68.96551724137932,70.45454545454545,8
01045020802,Dale County,Dale County,1,4328,0.0,2.82,1,20.6,72798.0,2262.0,864,996,106.0,412.0,1.0,3058,1598.0,610,704,75.0,291.0,70.6561922365989,70.64544650751547,70.60185185185185,70.68273092369478,70.75471698113208,70.63106796116504,9
01097003410,Mobile County,Mobile County,1,4576,0.0,0.13,1,15.8,62431.0,2548.0,1057,729,33.0,129.0,1.0,2782,1549.0,643,443,20.0,78.0,60.79545454545455,60.79277864992151,60.8325449385052,60.768175582990395,60.60606060606061,60.46511627906977,10
01003010906,Baldwin County,Baldwin County,1,4754,0.0,3.18,1,14.0,59226.0,3052.0,1129,909,44.0,554.0,1.0,2396,1538.0,569,458,22.0,279.0,50.399663441312576,50.39318479685452,50.3985828166519,50.38503850385038,50.0,50.36101083032491,11
01073014304,Jefferson County,Jefferson County,1,4504,0.0,0.0,1,34.7,102306.0,2684.0,734,511,140.0,208.0,1.0,2577,1536.0,420,292,80.0,119.0,57.215808170515096,57.22801788375559,57.22070844686648,57.142857142857146,57.142857142857146,57.21153846153846,12
01073005910,Jefferson County,Jefferson County,1,5109,0.0,0.27,1,17.8,59758.0,3499.0,1107,846,333.0,369.0,1.0,2233,1529.0,484,370,146.0,161.0,43.70718340183989,43.69819948556731,43.721770551038844,43.73522458628842,43.84384384384384,43.63143631436314,13
01043965001,Cullman County,Cullman County,1,2652,0.0,1.47,1,20.3,98646.0,2530.0,650,426,23.0,29.0,1.0,1592,1519.0,390,256,14.0,17.0,60.030165912518854,60.0395256916996,60.0,60.093896713615024,60.869565217391305,58.62068965517241,14
01125010304,Tuscaloosa County,Tuscaloosa County,1,4469,0.0,0.16,1,28.6,76931.0,2902.0,1000,838,35.0,465.0,1.0,2301,1494.0,515,432,18.0,239.0,51.488028641754305,51.48173673328739,51.5,51.55131264916468,51.42857142857143,51.39784946236559,15
01089000403,Madison County,Madison County,1,4779,0.0,0.1,1,9.8,75181.0,3520.0,1022,1005,37.0,209.0,1.0,2015,1484.0,431,424,16.0,88.0,42.163632559112784,42.15909090909091,42.172211350293544,42.18905472636816,43.24324324324324,42.10526315789474,16
01073012920,Jefferson County,Jefferson County,1,3239,0.0,0.0,1,12.7,64614.0,1865.0,770,480,34.0,5.0,1.0,2567,1478.0,610,380,27.0,4.0,79.25285581969744,79.24932975871313,79.22077922077922,79.16666666666667,79.41176470588235,80.0,17
01015001202,Calhoun County,Calhoun County,1,4304,0.0,0.0,1,22.6,69545.0,2596.0,1103,734,0.0,222.0,1.0,2398,1446.0,614,409,0.0,124.0,55.715613382899626,55.70107858243451,55.6663644605621,55.72207084468665,,55.85585585585586,18
01091972902,Marengo County,Marengo County,1,3344,0.0,0.66,1,31.5,57969.0,1947.0,932,552,205.0,603.0,1.0,2397,1396.0,668,396,147.0,432.0,71.68062200956938,71.7000513610683,71.67381974248927,71.73913043478261,71.70731707317073,71.64179104477611,19
01103005109,Morgan County,Morgan County,1,4989,0.0,0.0,1,11.5,60225.0,2468.0,1314,761,144.0,290.0,1.0,2797,1384.0,737,427,81.0,163.0,56.06333934656244,56.077795786061586,56.0882800608828,56.11038107752957,56.25,56.206896551724135,20
01073011207,Jefferson County,Jefferson County,1,5103,0.0,0.12,1,10.8,67756.0,3175.0,1419,524,79.0,253.0,1.0,2177,1354.0,605,224,34.0,108.0,42.661179698216735,42.645669291338585,42.63565891472868,42.74809160305343,43.037974683544306,42.687747035573125,21
01073012306,Jefferson County,Jefferson County,1,3581,0.0,0.75,1,23.1,91654.0,2404.0,684,655,55.0,100.0,1.0,2009,1349.0,384,368,31.0,56.0,56.10164758447361,56.11480865224625,56.14035087719298,56.18320610687023,56.36363636363637,56.0,22
01073012103,Jefferson County,Jefferson County,1,4277,0.0,0.0,1,15.5,71090.0,2772.0,845,840,159.0,269.0,1.0,2059,1335.0,407,404,77.0,130.0,48.141220481646016,48.16017316017316,48.16568047337278,48.095238095238095,48.42767295597484,48.3271375464684,23
01113030402,Russell County,Russell County,1,3252,0.0,0.0,1,16.7,64973.0,2327.0,749,633,70.0,211.0,1.0,1713,1226.0,394,333,37.0,111.0,52.67527675276753,52.685861624409114,52.60347129506008,52.60663507109005,52.857142857142854,52.60663507109005,24
01127020301,Walker County,Walker County,1,3982,0.0,1.88,1,20.1,78000.0,2563.0,879,853,252.0,590.0,1.0,1903,1225.0,420,408,120.0,282.0,47.790055248618785,47.79555208739758,47.781569965870304,47.83118405627198,47.61904761904762,47.79661016949152,25
01055001600,Etowah County,Etowah County,1,3271,0.0,4.56,1,18.2,60379.0,2010.0,593,668,13.0,326.0,1.0,1992,1224.0,361,407,8.0,199.0,60.89880770406604,60.8955223880597,60.87689713322091,60.92814371257485,61.53846153846154,61.04294478527607,26
01113030602,Russell County,Russell County,1,4525,0.0,0.0,1,10.2,66150.0,3483.0,1357,518,275.0,337.0,1.0,1586,1221.0,476,182,96.0,118.0,35.049723756906076,35.055986218776916,35.07737656595431,35.13513513513514,34.90909090909091,35.01483679525222,27
01017954700,Chambers County,Chambers County,1,4489,0.0,0.0,1,21.3,60313.0,2285.0,1006,772,105.0,308.0,1.0,2351,1197.0,527,404,55.0,161.0,52.372466028068615,52.38512035010941,52.385685884691846,52.33160621761658,52.38095238095238,52.27272727272727,28
01097006307,Mobile County,Mobile County,1,3253,0.0,0.46,1,27.2,85964.0,2246.0,752,658,56.0,120.0,1.0,1666,1150.0,385,337,29.0,61.0,51.21426375653243,51.20213713268032,51.1968085106383,51.21580547112462,51.785714285714285,50.833333333333336,29
01097001902,Mobile County,Mobile County,1,3190,0.0,0.0,1,31.4,70078.0,1846.0,844,489,46.0,355.0,1.0,1975,1143.0,523,303,28.0,220.0,61.912225705329156,61.91765980498375,61.96682464454976,61.96319018404908,60.869565217391305,61.971830985915496,30
01073012914,Jefferson County,Jefferson County,1,2206,0.0,16.68,1,21.2,157292.0,1481.0,237,821,325.0,20.0,1.0,1700,1141.0,183,633,250.0,15.0,77.0625566636446,77.04253882511816,77.21518987341773,77.10109622411693,76.92307692307692,75.0,31
01051031002,Elmore County,Elmore County,1,3610,0.0,0.0,1,10.7,57188.0,2260.0,893,485,43.0,118.0,1.0,1805,1130.0,446,242,21.0,59.0,50.0,50.0,49.94400895856663,49.896907216494846,48.83720930232558,50.0,32
01097006904,Mobile County,Mobile County,1,4296,0.0,0.09,1,16.1,58720.0,2336.0,1056,679,125.0,435.0,1.0,2060,1120.0,506,326,60.0,209.0,47.95158286778398,47.945205479452056,47.916666666666664,48.01178203240059,48.0,48.04597701149425,33
01113030906,Russell County,Russell County,1,3566,0.0,0.0,1,29.3,50995.0,2185.0,774,630,47.0,377.0,1.0,1817,1114.0,394,321,24.0,192.0,50.95344924284913,50.983981693363845,50.90439276485788,50.95238095238095,51.06382978723404,50.92838196286472,34
01073014105,Jefferson County,Jefferson County,1,5057,0.0,2.45,1,15.6,66111.0,2702.0,1021,957,30.0,141.0,1.0,2026,1082.0,409,383,12.0,56.0,40.06327862368993,40.04441154700222,40.05876591576885,40.020898641588296,40.0,39.716312056737586,35
01015001700,Calhoun County,Calhoun County,1,6023,0.0,0.2,1,16.2,64408.0,3534.0,1241,1224,196.0,542.0,1.0,1830,1074.0,377,372,60.0,165.0,30.38352980242404,30.39049235993209,30.378726833199032,30.392156862745097,30.612244897959183,30.44280442804428,36
01095030701,Marshall County,Marshall County,1,3689,0.0,0.0,1,23.6,71656.0,1823.0,869,726,46.0,237.0,1.0,2137,1056.0,503,421,27.0,137.0,57.92897804283003,57.926494788809656,57.88262370540851,57.988980716253444,58.69565217391305,57.80590717299578,37
01071950200,Jackson County,Jackson County,1,3360,0.0,0.0,1,21.3,47321.0,1781.0,690,694,82.0,243.0,1.0,1975,1047.0,406,408,48.0,143.0,58.779761904761905,58.7871982032566,58.84057971014493,58.789625360230545,58.53658536585366,58.8477366255144,38
01021060104,Chilton County,Chilton County,1,3348,0.0,4.42,1,21.8,71089.0,2049.0,737,746,95.0,249.0,1.0,1668,1021.0,367,372,47.0,124.0,49.82078853046595,49.82918496827721,49.796472184531886,49.865951742627345,49.473684210526315,49.799196787148595,39
01123962100,Tallapoosa County,Tallapoosa County,1,3936,0.0,1.73,1,22.1,64821.0,2001.0,921,732,102.0,335.0,1.0,1998,1016.0,468,372,52.0,170.0,50.76219512195122,50.774612693653175,50.814332247557005,50.81967213114754,50.98039215686274,50.74626865671642,40
01097001901,Mobile County,Mobile County,1,2012,0.0,0.55,1,15.1,61058.0,1165.0,509,349,25.0,193.0,1.0,1681,973.0,425,292,21.0,161.0,83.54870775347912,83.51931330472102,83.49705304518665,83.6676217765043,84.0,83.41968911917098,41
01099075902,Monroe County,Monroe County,1,2669,0.0,2.85,1,22.1,63250.0,1934.0,596,580,53.0,220.0,1.0,1336,968.0,298,290,27.0,110.0,50.056200824278754,50.0517063081696,50.0,50.0,50.943396226415096,50.0,42
01073005909,Jefferson County,Jefferson County,1,2514,0.0,0.12,1,17.5,63651.0,1478.0,586,347,14.0,101.0,1.0,1633,960.0,381,225,9.0,66.0,64.95624502784408,64.95263870094723,65.01706484641639,64.8414985590778,64.28571428571429,65.34653465346534,43
01121011301,Talladega County,Talladega County,1,2875,0.0,0.0,1,22.7,60828.0,1711.0,646,526,194.0,211.0,1.0,1609,957.0,361,294,109.0,118.0,55.96521739130435,55.932203389830505,55.88235294117647,55.893536121673,56.18556701030928,55.92417061611374,44
01097007102,Mobile County,Mobile County,1,3201,0.0,0.0,1,21.8,69927.0,1502.0,752,472,43.0,82.0,1.0,1989,934.0,467,293,27.0,51.0,62.13683223992502,62.18375499334221,62.101063829787236,62.07627118644068,62.7906976744186,62.19512195121951,45
01033020500,Colbert County,Colbert County,1,5150,0.0,1.63,1,22.0,72079.0,3384.0,1076,1010,125.0,323.0,1.0,1406,924.0,294,276,34.0,88.0,27.300970873786408,27.30496453900709,27.323420074349443,27.326732673267326,27.2,27.24458204334365,46
01015001400,Calhoun County,Calhoun County,1,3160,0.0,0.0,1,21.6,51603.0,1435.0,621,621,39.0,230.0,1.0,1958,889.0,385,385,24.0,142.0,61.962025316455694,61.951219512195124,61.99677938808374,61.99677938808374,61.53846153846154,61.73913043478261,47
01095030804,Marshall County,Marshall County,1,5732,0.0,0.44,1,34.6,48131.0,2076.0,1916,477,83.0,177.0,1.0,2358,854.0,788,196,34.0,73.0,41.137473831123515,41.13680154142582,41.127348643006265,41.090146750524106,40.963855421686745,41.24293785310734,48
01073011112,Jefferson County,Jefferson County,1,3987,0.0,0.0,1,33.0,65349.0,2324.0,999,541,32.0,554.0,1.0,1433,835.0,359,194,12.0,199.0,35.94181088537748,35.929432013769365,35.93593593593594,35.85951940850277,37.5,35.92057761732852,49
01059973000,Franklin County,Franklin County,1,6028,0.0,2.55,1,30.4,70769.0,2691.0,1872,856,169.0,662.0,1.0,1850,826.0,575,263,52.0,203.0,30.690112806901126,30.69490895577852,30.715811965811966,30.72429906542056,30.76923076923077,30.664652567975832,50
01121011000,Talladega County,Talladega County,1,2909,0.0,0.76,1,11.3,58517.0,1292.0,561,671,103.0,161.0,1.0,1834,814.0,354,423,65.0,101.0,63.04572017875559,63.0030959752322,63.101604278074866,63.04023845007452,63.10679611650485,62.732919254658384,51
01073013100,Jefferson County,Jefferson County,1,3870,0.0,2.4,1,30.8,37823.0,1444.0,906,862,166.0,704.0,1.0,2147,801.0,503,478,92.0,391.0,55.47803617571059,55.470914127423825,55.51876379690949,55.45243619489559,55.42168674698795,55.53977272727273,52
01053970700,Escambia County,Escambia County,1,3686,0.0,2.44,1,21.5,73662.0,2160.0,856,801,31.0,153.0,1.0,1363,799.0,317,296,11.0,57.0,36.977753662506785,36.99074074074074,37.032710280373834,36.95380774032459,35.483870967741936,37.254901960784316,53
01073010001,Jefferson County,Jefferson County,1,5681,0.0,2.39,1,31.0,48359.0,2264.0,1387,1040,48.0,314.0,1.0,1990,793.0,486,364,17.0,110.0,35.02904418236226,35.02650176678445,35.039653929343906,35.0,35.416666666666664,35.031847133757964,54
01097003405,Mobile County,Mobile County,1,1941,0.0,0.0,1,28.9,71307.0,1450.0,426,377,22.0,123.0,1.0,974,728.0,214,189,11.0,62.0,50.180319422977846,50.206896551724135,50.23474178403756,50.13262599469496,50.0,50.40650406504065,55
01003010711,Baldwin County,Baldwin County,1,4230,0.0,2.03,1,2.6,70161.0,3511.0,850,761,68.0,105.0,1.0,873,724.0,175,157,14.0,22.0,20.638297872340427,20.62090572486471,20.58823529411765,20.630749014454665,20.58823529411765,20.952380952380953,56
01073011205,Jefferson County,Jefferson County,1,2172,0.0,0.0,1,21.2,82132.0,1242.0,450,431,10.0,131.0,1.0,1243,711.0,258,247,6.0,75.0,57.22836095764273,57.2463768115942,57.333333333333336,57.30858468677494,60.0,57.25190839694657,57
01073005907,Jefferson County,Jefferson County,1,2060,0.0,0.19,1,38.3,67500.0,1429.0,414,354,11.0,243.0,1.0,990,686.0,199,170,5.0,117.0,48.05825242718446,48.00559832050385,48.067632850241544,48.0225988700565,45.45454545454545,48.148148148148145,58
01073014301,Jefferson County,Jefferson County,1,3014,0.0,0.0,1,14.7,60570.0,1888.0,689,649,95.0,129.0,1.0,1091,683.0,249,235,34.0,47.0,36.197743861977436,36.17584745762712,36.13933236574746,36.2095531587057,35.78947368421053,36.434108527131784,59
01125012600,Tuscaloosa County,Tuscaloosa County,1,2427,0.0,4.57,1,39.2,,833.0,257,121,58.0,74.0,1.0,1986,682.0,210,99,47.0,61.0,81.82941903584673,81.87274909963986,81.71206225680933,81.81818181818181,81.03448275862068,82.43243243243244,60
01097003710,Mobile County,Mobile County,1,4217,0.0,2.16,1,11.1,61975.0,2413.0,820,1008,140.0,276.0,1.0,1148,657.0,223,274,38.0,75.0,27.223144415461228,27.22751761292996,27.195121951219512,27.182539682539684,27.142857142857142,27.17391304347826,61
01097001800,Mobile County,Mobile County,1,2340,0.0,0.0,1,20.0,50492.0,995.0,593,372,90.0,248.0,1.0,1463,622.0,371,233,56.0,155.0,62.52136752136752,62.51256281407035,62.563237774030355,62.634408602150536,62.22222222222222,62.5,62
01073001100,Jefferson County,Jefferson County,1,4420,0.0,3.14,1,27.0,58309.0,2243.0,1006,1077,142.0,483.0,1.0,1209,614.0,275,295,39.0,132.0,27.352941176470587,27.374052608114134,27.335984095427435,27.390900649953576,27.464788732394368,27.32919254658385,63
01073011803,Jefferson County,Jefferson County,1,4902,0.0,0.0,1,9.0,67904.0,2372.0,1550,472,37.0,402.0,1.0,1263,611.0,399,122,10.0,104.0,25.76499388004896,25.75885328836425,25.741935483870968,25.847457627118644,27.027027027027028,25.870646766169155,64
01125012700,Tuscaloosa County,Tuscaloosa County,1,4227,0.0,0.14,1,26.3,85952.0,2811.0,801,552,176.0,408.0,1.0,906,603.0,172,118,38.0,87.0,21.433640880056778,21.451440768409817,21.473158551810236,21.3768115942029,21.59090909090909,21.323529411764707,65
01101005301,Montgomery County,Montgomery County,1,1154,0.0,30.5,1,2.5,63672.0,612.0,324,11,0.0,6.0,1.0,1133,601.0,318,11,0.0,6.0,98.18024263431542,98.20261437908496,98.14814814814815,100.0,,100.0,66
01015002105,Calhoun County,Calhoun County,1,2887,0.0,0.17,1,20.9,56366.0,1717.0,643,414,156.0,528.0,1.0,996,592.0,222,143,54.0,182.0,34.49948042951161,34.47874199184624,34.52566096423017,34.54106280193237,34.61538461538461,34.46969696969697,67
01081042006,Lee County,Lee County,1,1827,0.0,0.44,1,23.6,66894.0,1064.0,401,349,35.0,88.0,1.0,1011,589.0,222,193,19.0,49.0,55.33661740558292,55.357142857142854,55.36159600997506,55.30085959885387,54.285714285714285,55.68181818181818,68
01001020700,Autauga County,Autauga County,1,3409,0.0,0.91,1,21.1,54952.0,1448.0,829,475,21.0,262.0,1.0,1307,555.0,318,182,8.0,100.0,38.33968905837489,38.328729281767956,38.35946924004825,38.31578947368421,38.095238095238095,38.16793893129771,69
01113030403,Russell County,Russell County,1,3601,0.0,6.39,1,35.3,65762.0,2437.0,787,665,0.0,209.0,1.0,818,554.0,179,151,0.0,47.0,22.71591224659817,22.73286828067296,22.744599745870392,22.706766917293233,,22.48803827751196,70
01089000501,Madison County,Madison County,1,1909,0.0,0.52,1,26.5,65500.0,1510.0,466,326,22.0,149.0,1.0,680,538.0,166,116,8.0,53.0,35.620743844945,35.629139072847686,35.622317596566525,35.58282208588957,36.36363636363637,35.57046979865772,71
01071950400,Jackson County,Jackson County,0,1987,0.0,0.0,1,23.9,89375.0,1330.0,379,426,55.0,97.0,1.0,789,528.0,150,169,22.0,39.0,39.7081026673377,39.69924812030075,39.577836411609496,39.671361502347416,40.0,40.20618556701031,72
01081041300,Lee County,Lee County,1,3353,0.0,4.65,1,27.0,73750.0,1743.0,725,679,126.0,263.0,1.0,990,515.0,214,200,37.0,78.0,29.525797793021177,29.546758462421113,29.517241379310345,29.455081001472752,29.365079365079364,29.657794676806084,73
01113030500,Russell County,Russell County,1,2367,0.0,0.0,1,20.0,94725.0,1429.0,559,425,22.0,209.0,1.0,847,511.0,200,152,8.0,75.0,35.783692437684834,35.7592722183345,35.77817531305904,35.76470588235294,36.36363636363637,35.88516746411483,74
01081041600,Lee County,Lee County,1,3573,0.0,2.02,1,37.3,54310.0,1416.0,923,487,319.0,492.0,1.0,1285,509.0,332,175,115.0,177.0,35.964175762664425,35.94632768361582,35.969664138678226,35.93429158110883,36.05015673981191,35.97560975609756,75
01031011206,Coffee County,Coffee County,1,4877,0.0,0.0,1,20.5,87429.0,2953.0,995,506,62.0,156.0,1.0,833,505.0,170,86,11.0,27.0,17.08017223703096,17.101252963088385,17.08542713567839,16.99604743083004,17.741935483870968,17.307692307692307,76
01073012402,Jefferson County,Jefferson County,1,3089,0.0,0.0,1,28.6,43893.0,1300.0,786,469,113.0,231.0,1.0,1191,501.0,303,181,44.0,89.0,38.55616704435092,38.53846153846154,38.54961832061068,38.59275053304904,38.93805309734513,38.52813852813853,77
01015000400,Calhoun County,Calhoun County,1,2423,0.0,0.66,1,19.4,40977.0,1349.0,501,555,111.0,437.0,1.0,890,496.0,184,204,41.0,161.0,36.73132480396203,36.76797627872498,36.72654690618762,36.75675675675676,36.93693693693694,36.8421052631579,78
01087232100,Macon County,Macon County,1,1553,0.0,0.0,1,17.0,58302.0,492.0,224,316,64.0,127.0,1.0,1553,492.0,224,316,64.0,127.0,100.0,100.0,100.0,100.0,100.0,100.0,79
01083020500,Limestone County,Limestone County,1,3057,0.0,12.92,1,28.8,48864.0,1373.0,554,1151,143.0,438.0,1.0,1082,486.0,196,407,51.0,155.0,35.39417729800458,35.39694100509833,35.37906137184115,35.36055603822763,35.66433566433567,35.38812785388128,80
01073005500,Jefferson County,Jefferson County,1,1943,0.0,0.0,1,37.0,,699.0,601,268,140.0,332.0,1.0,1324,476.0,410,183,95.0,226.0,68.14204837879568,68.09728183118742,68.21963394342762,68.28358208955224,67.85714285714286,68.07228915662651,81
01089001403,Madison County,Madison County,1,2653,0.0,0.0,1,24.7,80593.0,1911.0,387,198,114.0,34.0,1.0,661,476.0,96,49,28.0,8.0,24.915190350546553,24.90842490842491,24.8062015503876,24.747474747474747,24.56140350877193,23.529411764705884,81
01087231602,Macon County,Macon County,1,1602,0.0,2.37,1,48.5,28324.0,542.0,342,354,191.0,346.0,1.0,1403,475.0,300,310,167.0,303.0,87.57802746566792,87.63837638376384,87.71929824561404,87.57062146892656,87.43455497382199,87.57225433526011,83
01087231900,Macon County,Macon County,1,1657,0.0,2.66,1,36.7,34063.0,573.0,340,293,59.0,216.0,1.0,1332,461.0,273,236,47.0,174.0,80.3862401931201,80.45375218150087,80.29411764705883,80.54607508532423,79.66101694915254,80.55555555555556,84
01073011210,Jefferson County,Jefferson County,1,3710,0.0,0.35,1,36.9,55417.0,1652.0,1096,359,0.0,198.0,1.0,1012,451.0,299,98,0.0,54.0,27.277628032345014,27.300242130750604,27.28102189781022,27.298050139275766,,27.272727272727273,85
01073012304,Jefferson County,Jefferson County,1,2527,0.0,4.59,1,22.0,60020.0,1419.0,559,481,137.0,115.0,1.0,800,449.0,177,152,43.0,36.0,31.658092599920856,31.64200140944327,31.663685152057244,31.6008316008316,31.386861313868614,31.304347826086957,86
01101005102,Montgomery County,Montgomery County,1,4239,0.0,1.04,1,24.1,56420.0,2517.0,1005,780,257.0,699.0,1.0,748,444.0,177,138,45.0,123.0,17.64567114885586,17.640047675804528,17.611940298507463,17.692307692307693,17.509727626459146,17.59656652360515,87
01017954600,Chambers County,Chambers County,1,3844,0.0,2.76,1,9.1,50758.0,1953.0,896,812,90.0,144.0,1.0,862,438.0,201,182,20.0,32.0,22.42455775234131,22.427035330261138,22.433035714285715,22.413793103448278,22.22222222222222,22.22222222222222,88
01069041500,Houston County,Houston County,1,4184,0.0,0.0,1,44.9,43902.0,1367.0,1048,922,244.0,419.0,1.0,1334,436.0,334,294,78.0,134.0,31.883365200764818,31.894659839063642,31.870229007633586,31.887201735357916,31.9672131147541,31.98090692124105,89
01097006103,Mobile County,Mobile County,1,4800,0.0,6.33,1,15.1,50954.0,1465.0,1105,939,96.0,473.0,1.0,1420,433.0,327,278,28.0,140.0,29.583333333333332,29.55631399317406,29.592760180995477,29.605963791267307,29.166666666666668,29.59830866807611,90
01015001600,Calhoun County,Calhoun County,1,3513,0.0,0.0,1,26.2,49216.0,1425.0,784,538,82.0,191.0,1.0,1047,425.0,234,160,24.0,57.0,29.803586678052945,29.82456140350877,29.846938775510203,29.739776951672862,29.26829268292683,29.842931937172775,91
01003010600,Baldwin County,Baldwin County,1,3234,0.0,0.56,1,37.5,46500.0,1234.0,878,447,113.0,498.0,1.0,1110,424.0,301,153,39.0,171.0,34.32282003710575,34.35980551053485,34.28246013667426,34.22818791946309,34.51327433628319,34.33734939759036,92
01005950900,Barbour County,Barbour County,1,4638,0.0,0.0,1,20.6,62188.0,1847.0,1339,719,307.0,524.0,1.0,1057,421.0,305,164,70.0,119.0,22.789995687796463,22.793719545208447,22.778192681105303,22.809457579972182,22.80130293159609,22.709923664122137,93
01081040607,Lee County,Lee County,1,1307,0.0,0.0,1,19.1,55929.0,537.0,212,83,33.0,95.0,1.0,1011,415.0,164,64,26.0,73.0,77.35271614384085,77.28119180633148,77.35849056603773,77.10843373493977,78.78787878787878,76.84210526315789,94
01081042009,Lee County,Lee County,1,1642,0.0,0.0,1,2.7,59315.0,1008.0,393,291,21.0,53.0,1.0,674,414.0,161,120,9.0,22.0,41.04750304506699,41.07142857142857,40.966921119592875,41.23711340206186,42.857142857142854,41.509433962264154,95
01097006903,Mobile County,Mobile County,1,3367,0.0,0.0,1,27.9,64115.0,1670.0,925,423,106.0,266.0,1.0,827,410.0,227,104,26.0,65.0,24.561924561924563,24.550898203592816,24.54054054054054,24.58628841607565,24.528301886792452,24.43609022556391,96
01077010400,Lauderdale County,Lauderdale County,1,3429,0.0,22.83,1,25.8,77222.0,1657.0,468,520,28.0,103.0,1.0,837,404.0,114,127,7.0,25.0,24.409448818897637,24.381412190706094,24.358974358974358,24.423076923076923,25.0,24.271844660194176,97
01015001300,Calhoun County,Calhoun County,1,2006,0.0,0.0,1,22.9,74659.0,1058.0,412,329,82.0,249.0,1.0,750,396.0,154,123,31.0,93.0,37.387836490528414,37.42911153119093,37.37864077669903,37.38601823708207,37.80487804878049,37.34939759036145,98
01073010900,Jefferson County,Jefferson County,1,4719,0.0,0.21,1,24.1,60676.0,1803.0,1309,578,311.0,511.0,1.0,979,374.0,272,120,65.0,106.0,20.745920745920746,20.74320576816417,20.77922077922078,20.761245674740483,20.90032154340836,20.743639921722114,99
01047956800,Dallas County,Dallas County,1,2709,0.0,7.97,1,13.4,63125.0,1557.0,675,575,308.0,609.0,1.0,647,372.0,161,137,74.0,146.0,23.883351790328536,23.892100192678228,23.85185185185185,23.82608695652174,24.025974025974026,23.973727422003282,100
01089010625,Madison County,Madison County,1,4834,0.0,22.8,1,17.2,44811.0,2420.0,819,469,217.0,594.0,1.0,738,370.0,125,72,33.0,91.0,15.266859743483657,15.289256198347108,15.262515262515263,15.35181236673774,15.2073732718894,15.31986531986532,101
01097005300,Mobile County,Mobile County,1,2259,0.0,0.0,1,32.0,62500.0,1423.0,603,449,99.0,272.0,1.0,550,347.0,147,109,24.0,66.0,24.34705621956618,24.38510189739986,24.378109452736318,24.276169265033406,24.242424242424242,24.264705882352942,102
01013953100,Butler County,Butler County,1,2526,0.0,2.14,1,34.3,52642.0,1197.0,610,435,95.0,267.0,1.0,726,344.0,175,125,27.0,77.0,28.741092636579573,28.738512949039265,28.688524590163933,28.735632183908045,28.42105263157895,28.83895131086142,103
01073013901,Jefferson County,Jefferson County,1,1565,0.0,3.58,1,25.8,81193.0,775.0,297,367,27.0,126.0,1.0,680,337.0,129,159,12.0,55.0,43.45047923322684,43.483870967741936,43.43434343434343,43.32425068119891,44.44444444444444,43.65079365079365,104
01035960600,Conecuh County,Conecuh County,0,4019,0.0,1.97,1,31.8,57500.0,1835.0,888,933,147.0,396.0,1.0,731,334.0,161,170,27.0,72.0,18.188604130380693,18.201634877384198,18.13063063063063,18.220793140407288,18.367346938775512,18.181818181818183,105
01081040603,Lee County,Lee County,1,1379,0.0,0.0,1,62.6,22321.0,385.0,304,36,36.0,98.0,1.0,1194,333.0,263,31,31.0,85.0,86.58448150833938,86.49350649350649,86.51315789473684,86.11111111111111,86.11111111111111,86.73469387755102,106
01015000700,Calhoun County,Calhoun County,1,2952,0.0,3.29,1,25.7,53767.0,1348.0,769,525,348.0,415.0,1.0,693,316.0,181,123,82.0,97.0,23.475609756097562,23.44213649851632,23.5370611183355,23.428571428571427,23.563218390804597,23.373493975903614,107
01015000200,Calhoun County,Calhoun County,1,2929,0.0,0.0,1,32.6,68664.0,1478.0,632,452,116.0,245.0,1.0,608,307.0,131,94,24.0,51.0,20.757937862751792,20.77131258457375,20.727848101265824,20.79646017699115,20.689655172413794,20.816326530612244,108
01073010500,Jefferson County,Jefferson County,1,1581,0.0,0.0,1,24.9,49375.0,675.0,388,269,17.0,109.0,1.0,715,305.0,176,122,8.0,49.0,45.22454142947502,45.18518518518518,45.36082474226804,45.353159851301115,47.05882352941177,44.95412844036697,109
01087231800,Macon County,Macon County,1,1089,0.0,0.0,1,21.7,43984.0,622.0,246,227,31.0,155.0,1.0,530,303.0,120,111,15.0,75.0,48.66850321395776,48.71382636655949,48.78048780487805,48.89867841409691,48.38709677419355,48.38709677419355,110
01017954800,Chambers County,Chambers County,1,4907,0.0,1.57,1,10.5,52287.0,2221.0,1097,999,42.0,328.0,1.0,668,302.0,149,136,6.0,45.0,13.613205624617892,13.59747861323728,13.582497721057429,13.613613613613614,14.285714285714286,13.71951219512195,111
01047957000,Dallas County,Dallas County,0,1080,0.0,5.74,1,30.2,,477.0,217,244,64.0,181.0,1.0,680,300.0,137,154,40.0,114.0,62.96296296296296,62.893081761006286,63.133640552995395,63.114754098360656,62.5,62.98342541436464,112
01113030800,Russell County,Russell County,1,2981,0.0,0.0,1,54.8,21832.0,802.0,754,550,201.0,489.0,1.0,1112,299.0,281,205,75.0,182.0,37.302918483730295,37.281795511221944,37.26790450928382,37.27272727272727,37.3134328358209,37.21881390593047,113
01005950800,Barbour County,Barbour County,1,2175,0.0,0.0,1,21.6,42756.0,996.0,498,484,73.0,94.0,1.0,633,290.0,145,141,21.0,27.0,29.103448275862068,29.116465863453815,29.116465863453815,29.132231404958677,28.767123287671232,28.72340425531915,114
01125012304,Tuscaloosa County,Tuscaloosa County,1,3379,0.0,0.06,1,42.1,31851.0,1457.0,757,379,202.0,238.0,1.0,663,286.0,148,74,40.0,47.0,19.621189701095,19.629375428963623,19.550858652575958,19.525065963060687,19.801980198019802,19.747899159663866,115
01023956900,Choctaw County,Choctaw County,0,3628,0.0,0.0,1,16.9,56188.0,1999.0,755,807,100.0,192.0,1.0,518,285.0,108,115,14.0,27.0,14.277839029768467,14.25712856428214,14.304635761589404,14.250309789343246,14.0,14.0625,116
01073001200,Jefferson County,Jefferson County,1,2496,0.0,2.8,1,27.4,,918.0,443,557,110.0,212.0,1.0,774,285.0,137,173,34.0,66.0,31.009615384615383,31.045751633986928,30.9255079006772,31.059245960502693,30.90909090909091,31.132075471698112,116
01073011002,Jefferson County,Jefferson County,1,1974,0.0,0.0,1,29.9,48110.0,773.0,458,329,51.0,193.0,1.0,729,285.0,169,122,19.0,71.0,36.93009118541033,36.86934023285899,36.89956331877729,37.08206686930091,37.254901960784316,36.78756476683938,116
01011952500,Bullock County,Bullock County,0,2321,0.0,0.0,1,24.0,52454.0,1022.0,418,581,70.0,211.0,1.0,638,281.0,115,160,19.0,58.0,27.488151658767773,27.495107632093934,27.51196172248804,27.538726333907057,27.142857142857142,27.488151658767773,119
01089002400,Madison County,Madison County,1,5064,0.0,0.24,1,22.4,79494.0,1965.0,1238,484,229.0,196.0,1.0,721,280.0,176,69,33.0,28.0,14.237756714060032,14.249363867684478,14.216478190630049,14.256198347107437,14.410480349344978,14.285714285714286,120
01055000200,Etowah County,Etowah County,1,3080,0.0,2.92,1,35.0,63323.0,1370.0,661,697,85.0,396.0,1.0,615,273.0,132,139,17.0,79.0,19.967532467532468,19.927007299270073,19.969742813918305,19.94261119081779,20.0,19.949494949494948,121
01121012000,Talladega County,Talladega County,1,2285,0.0,0.0,1,29.5,51250.0,837.0,507,439,84.0,210.0,1.0,736,270.0,163,141,27.0,68.0,32.21006564551422,32.25806451612903,32.14990138067061,32.11845102505695,32.142857142857146,32.38095238095238,122
01081041103,Lee County,Lee County,1,2280,0.0,0.0,1,20.2,57278.0,1130.0,602,185,125.0,99.0,1.0,543,269.0,143,44,30.0,24.0,23.81578947368421,23.805309734513273,23.754152823920265,23.783783783783782,24.0,24.242424242424242,123
01101005613,Montgomery County,Montgomery County,1,4832,0.0,0.56,1,52.8,35927.0,1526.0,1547,403,71.0,595.0,1.0,832,263.0,266,69,12.0,102.0,17.218543046357617,17.234600262123198,17.194570135746606,17.121588089330025,16.901408450704224,17.142857142857142,124
01081040605,Lee County,Lee County,1,1754,0.0,0.0,1,41.9,81111.0,567.0,146,55,7.0,28.0,1.0,806,261.0,67,25,3.0,13.0,45.9521094640821,46.03174603174603,45.89041095890411,45.45454545454545,42.857142857142854,46.42857142857143,125
01113030601,Russell County,Russell County,1,3717,0.0,5.11,1,24.3,,1156.0,1008,428,204.0,347.0,1.0,830,258.0,225,96,46.0,78.0,22.329835889157923,22.31833910034602,22.321428571428573,22.429906542056074,22.54901960784314,22.478386167146976,126
01089000502,Madison County,Madison County,1,2291,0.0,0.0,1,17.5,55563.0,907.0,515,403,57.0,159.0,1.0,631,250.0,142,111,16.0,44.0,27.542557835006548,27.563395810363836,27.57281553398058,27.543424317617866,28.07017543859649,27.67295597484277,127
01131034801,Wilcox County,Wilcox County,0,2155,0.0,3.06,1,20.7,73188.0,916.0,523,392,78.0,299.0,1.0,587,250.0,143,107,21.0,81.0,27.238979118329468,27.292576419213972,27.34225621414914,27.29591836734694,26.923076923076923,27.090301003344482,127
01097002100,Mobile County,Mobile County,1,3778,0.0,0.03,1,46.4,29432.0,1523.0,1155,450,145.0,563.0,1.0,604,244.0,185,72,23.0,90.0,15.987294865007941,16.021011162179907,16.017316017316016,16.0,15.862068965517242,15.985790408525755,129
01015001102,Calhoun County,Calhoun County,1,1442,0.0,0.0,1,40.7,,574.0,391,181,35.0,160.0,1.0,609,243.0,165,76,15.0,68.0,42.23300970873787,42.33449477351916,42.19948849104859,41.988950276243095,42.857142857142854,42.5,130
01073013601,Jefferson County,Jefferson County,1,2918,0.0,0.0,1,34.3,50179.0,1224.0,664,567,153.0,251.0,1.0,578,242.0,131,112,30.0,50.0,19.808087731322825,19.77124183006536,19.728915662650603,19.753086419753085,19.607843137254903,19.9203187250996,131
01099075700,Monroe County,Monroe County,0,1428,0.0,0.0,1,11.1,62708.0,706.0,281,333,6.0,83.0,1.0,473,234.0,93,110,2.0,27.0,33.12324929971989,33.14447592067989,33.096085409252666,33.033033033033036,33.333333333333336,32.53012048192771,132
01043965002,Cullman County,Cullman County,1,4751,0.0,9.47,1,38.6,66833.0,1956.0,989,1053,138.0,704.0,1.0,555,229.0,116,123,16.0,82.0,11.681751210271521,11.707566462167689,11.72901921132457,11.68091168091168,11.594202898550725,11.647727272727273,133
01055000900,Etowah County,Etowah County,1,2506,0.0,4.79,1,35.8,41250.0,568.0,587,469,93.0,216.0,1.0,1007,228.0,236,188,37.0,87.0,40.18355945730247,40.140845070422536,40.20442930153322,40.085287846481876,39.784946236559136,40.27777777777778,134
01105687001,Perry County,Perry County,0,1123,0.0,0.0,1,46.0,49136.0,531.0,203,291,15.0,131.0,1.0,477,225.0,86,123,6.0,56.0,42.47551202137133,42.3728813559322,42.364532019704434,42.2680412371134,40.0,42.74809160305343,135
01101003000,Montgomery County,Montgomery County,1,1904,0.0,0.0,1,38.9,30104.0,463.0,405,305,39.0,207.0,1.0,846,206.0,180,135,17.0,92.0,44.4327731092437,44.49244060475162,44.44444444444444,44.26229508196721,43.58974358974359,44.44444444444444,136
01081040606,Lee County,Lee County,1,2855,0.0,0.0,1,59.9,37955.0,521.0,259,24,73.0,47.0,1.0,1110,203.0,101,9,28.0,18.0,38.879159369527144,38.963531669865645,38.996138996138995,37.5,38.35616438356164,38.297872340425535,137
01119011500,Sumter County,Sumter County,0,4054,0.0,2.07,1,31.8,47703.0,1223.0,913,780,113.0,496.0,1.0,665,201.0,150,128,19.0,81.0,16.40355204736063,16.43499591169256,16.42935377875137,16.41025641025641,16.8141592920354,16.330645161290324,138
01073000800,Jefferson County,Jefferson County,1,3306,0.0,0.24,1,33.7,34844.0,840.0,578,828,413.0,341.0,1.0,788,200.0,138,197,98.0,81.0,23.83545069570478,23.80952380952381,23.875432525951556,23.792270531400966,23.728813559322035,23.75366568914956,139
01101005902,Montgomery County,Montgomery County,1,3212,0.0,0.0,1,36.0,33274.0,806.0,770,729,19.0,357.0,1.0,785,197.0,188,178,5.0,87.0,24.439601494396015,24.441687344913152,24.415584415584416,24.41700960219479,26.31578947368421,24.369747899159663,140
01073002303,Jefferson County,Jefferson County,1,2998,0.0,0.0,1,49.6,31908.0,966.0,989,343,259.0,396.0,1.0,559,180.0,184,64,48.0,74.0,18.645763842561706,18.633540372670808,18.6046511627907,18.658892128279884,18.53281853281853,18.68686868686869,141
01101000300,Montgomery County,Montgomery County,1,1261,0.0,0.0,1,43.0,32625.0,468.0,297,165,56.0,99.0,1.0,486,180.0,114,64,22.0,38.0,38.54084060269627,38.46153846153846,38.38383838383838,38.78787878787879,39.285714285714285,38.38383838383838,141
01131034700,Wilcox County,Wilcox County,0,1283,0.0,0.0,1,46.2,28056.0,474.0,314,238,47.0,327.0,1.0,473,175.0,116,88,17.0,121.0,36.86671862821512,36.91983122362869,36.94267515923567,36.97478991596638,36.170212765957444,37.00305810397553,143
01105686800,Perry County,Perry County,0,736,0.0,0.0,1,5.2,59792.0,342.0,104,236,1.0,17.0,1.0,363,169.0,51,116,0.0,8.0,49.32065217391305,49.41520467836257,49.03846153846154,49.152542372881356,0.0,47.05882352941177,144
01117030407,Shelby County,Shelby County,1,2126,0.0,53.95,1,29.0,86731.0,423.0,152,171,65.0,45.0,1.0,817,163.0,58,66,25.0,17.0,38.42897460018815,38.53427895981088,38.1578947368421,38.59649122807018,38.46153846153846,37.77777777777778,145
01121010600,Talladega County,Talladega County,1,3115,0.0,0.0,1,50.3,16734.0,767.0,967,378,160.0,485.0,1.0,643,158.0,200,78,33.0,100.0,20.642054574638845,20.59973924380704,20.682523267838675,20.634920634920636,20.625,20.61855670103093,146
01063060000,Greene County,Greene County,0,1366,0.0,0.0,1,55.1,30694.0,457.0,235,306,53.0,167.0,1.0,469,157.0,81,105,18.0,57.0,34.333821376281115,34.354485776805255,34.46808510638298,34.31372549019608,33.9622641509434,34.131736526946106,147
01039962600,Covington County,Covington County,1,1373,0.0,0.0,1,15.9,48649.0,422.0,334,243,19.0,99.0,1.0,504,155.0,123,89,7.0,36.0,36.707938820101965,36.72985781990521,36.82634730538922,36.62551440329218,36.8421052631579,36.36363636363637,148
01089000203,Madison County,Madison County,1,5584,0.0,51.34,1,33.1,37423.0,1204.0,754,347,136.0,376.0,1.0,643,139.0,87,40,16.0,43.0,11.515042979942693,11.544850498338871,11.538461538461538,11.527377521613833,11.764705882352942,11.436170212765957,149
01103000600,Morgan County,Morgan County,1,3266,0.0,20.91,1,39.8,58333.0,623.0,736,389,255.0,534.0,1.0,609,116.0,137,73,48.0,100.0,18.646662584200858,18.619582664526483,18.61413043478261,18.76606683804627,18.823529411764707,18.726591760299627,150
01001020803,Autauga County,Autauga County,0,4635,0.0,0.54,1,14.7,64816.0,2505.0,1160,702,209.0,330.0,0.0,0,0.0,0,0,0.0,0.0,0.0,0.0,0.0,0.0,0.0,0.0,
01001020804,Autauga County,Autauga County,0,6064,0.0,0.13,0,4.6,132958.0,5172.0,1773,621,0.0,24.0,0.0,0,0.0,0,0,0.0,0.0,0.0,0.0,0.0,0.0,,0.0,
01001020805,Autauga County,Autauga County,0,3122,0.0,1.89,0,2.7,120682.0,2729.0,781,521,125.0,25.0,0.0,0,0.0,0,0,0.0,0.0,0.0,0.0,0.0,0.0,0.0,0.0,
01001020901,Autauga County,Autauga County,0,3268,0.0,0.12,0,10.3,89245.0,2290.0,869,423,47.0,111.0,0.0,0,0.0,0,0,0.0,0.0,0.0,0.0,0.0,0.0,0.0,0.0,
01003010708,Baldwin County,Baldwin County,0,11585,0.0,1.14,0,7.6,125506.0,11777.0,3262,1396,195.0,274.0,0.0,0,0.0,0,0,0.0,0.0,0.0,0.0,0.0,0.0,0.0,0.0,
01003010709,Baldwin County,Baldwin County,0,11650,0.0,0.0,0,3.2,140875.0,10979.0,3269,1897,0.0,0.0,0.0,0,0.0,0,0,0.0,0.0,0.0,0.0,0.0,0.0,,,
01003010903,Baldwin County,Baldwin County,0,6599,0.0,11.53,1,13.6,61490.0,3808.0,1478,907,65.0,457.0,0.0,0,0.0,0,0,0.0,0.0,0.0,0.0,0.0,0.0,0.0,0.0,
01003010907,Baldwin County,Baldwin County,0,4081,0.0,0.0,0,7.3,108750.0,3562.0,912,692,21.0,64.0,0.0,0,0.0,0,0,0.0,0.0,0.0,0.0,0.0,0.0,0.0,0.0,
01003010908,Baldwin County,Baldwin County,0,5979,0.0,0.1,0,9.7,94219.0,4461.0,1649,771,77.0,106.0,0.0,0,0.0,0,0,0.0,0.0,0.0,0.0,0.0,0.0,0.0,0.0,
01003011102,Baldwin County,Baldwin County,0,5684,0.0,0.0,0,4.7,97232.0,4837.0,1495,1023,8.0,129.0,0.0,0,0.0,0,0,0.0,0.0,0.0,0.0,0.0,0.0,0.0,0.0,
01003011409,Baldwin County,Baldwin County,0,5915,0.0,0.0,0,16.3,103241.0,4428.0,1428,1058,34.0,221.0,0.0,0,0.0,0,0,0.0,0.0,0.0,0.0,0.0,0.0,0.0,0.0,
01003011411,Baldwin County,Baldwin County,0,5666,0.0,0.0,1,15.6,66462.0,3801.0,1073,1262,83.0,71.0,0.0,0,0.0,0,0,0.0,0.0,0.0,0.0,0.0,0.0,0.0,0.0,
01003011412,Baldwin County,Baldwin County,0,4041,0.0,0.0,0,16.7,86518.0,3071.0,765,857,15.0,119.0,0.0,0,0.0,0,0,0.0,0.0,0.0,0.0,0.0,0.0,0.0,0.0,
01003011418,Baldwin County,Baldwin County,0,1773,0.0,0.0,0,8.1,106972.0,1594.0,231,404,56.0,14.0,0.0,0,0.0,0,0,0.0,0.0,0.0,0.0,0.0,0.0,0.0,0.0,
01003011504,Baldwin County,Baldwin County,0,6431,0.0,0.26,0,6.1,83654.0,6458.0,1121,1922,219.0,164.0,0.0,0,0.0,0,0,0.0,0.0,0.0,0.0,0.0,0.0,0.0,0.0,
01007010005,Bibb County,Bibb County,0,4204,0.0,0.02,1,14.2,71780.0,2631.0,1030,560,52.0,266.0,0.0,0,0.0,0,0,0.0,0.0,0.0,0.0,0.0,0.0,0.0,0.0,
01007010010,Bibb County,Bibb County,0,2853,0.0,9.6,1,26.4,57440.0,1290.0,594,739,21.0,291.0,0.0,0,0.0,0,0,0.0,0.0,0.0,0.0,0.0,0.0,0.0,0.0,
01009050104,Blount County,Blount County,0,2036,0.0,1.18,0,6.0,79840.0,2267.0,435,450,4.0,60.0,0.0,0,0.0,0,0,0.0,0.0,0.0,0.0,0.0,0.0,0.0,0.0,
01009050106,Blount County,Blount County,0,3023,0.0,3.97,1,21.4,60577.0,1601.0,695,462,201.0,302.0,0.0,0,0.0,0,0,0.0,0.0,0.0,0.0,0.0,0.0,0.0,0.0,
01009050200,Blount County,Blount County,0,3879,0.0,0.72,0,12.4,74615.0,2938.0,943,675,3.0,213.0,0.0,0,0.0,0,0,0.0,0.0,0.0,0.0,0.0,0.0,0.0,0.0,
01009050301,Blount County,Blount County,0,2880,0.0,0.0,0,11.8,75302.0,2027.0,659,560,26.0,161.0,0.0,0,0.0,0,0,0.0,0.0,0.0,0.0,0.0,0.0,0.0,0.0,
01009050302,Blount County,Blount County,0,2509,0.0,0.0,0,16.1,74375.0,1856.0,590,502,30.0,128.0,0.0,0,0.0,0,0,0.0,0.0,0.0,0.0,0.0,0.0,0.0,0.0,
01009050400,Blount County,Blount County,0,4550,0.0,0.0,0,9.9,74324.0,3088.0,1020,821,108.0,112.0,0.0,0,0.0,0,0,0.0,0.0,0.0,0.0,0.0,0.0,0.0,0.0,
01009050501,Blount County,Blount County,0,4272,0.0,0.0,1,11.7,58315.0,2564.0,1091,730,92.0,136.0,0.0,0,0.0,0,0,0.0,0.0,0.0,0.0,0.0,0.0,0.0,0.0,
01009050603,Blount County,Blount County,0,4007,0.0,0.0,0,10.9,90625.0,3186.0,1034,551,11.0,29.0,0.0,0,0.0,0,0,0.0,0.0,0.0,0.0,0.0,0.0,0.0,0.0,
01009050604,Blount County,Blount County,0,5323,0.0,0.02,0,7.0,93293.0,4350.0,1145,1059,20.0,119.0,0.0,0,0.0,0,0,0.0,0.0,0.0,0.0,0.0,0.0,0.0,0.0,
01009050702,Blount County,Blount County,0,3210,0.0,0.12,1,19.6,62443.0,1537.0,720,588,5.0,249.0,0.0,0,0.0,0,0,0.0,0.0,0.0,0.0,0.0,0.0,0.0,0.0,
01013952700,Butler County,Butler County,0,2515,0.0,4.65,1,29.5,65795.0,1311.0,582,546,22.0,218.0,0.0,0,0.0,0,0,0.0,0.0,0.0,0.0,0.0,0.0,0.0,0.0,
01013952900,Butler County,Butler County,0,1959,0.0,1.43,1,28.4,74643.0,1015.0,415,406,51.0,141.0,0.0,0,0.0,0,0,0.0,0.0,0.0,0.0,0.0,0.0,0.0,0.0,
01015000600,Calhoun County,Calhoun County,0,1780,0.0,24.61,1,47.1,21851.0,478.0,375,174,194.0,224.0,0.0,0,0.0,0,0,0.0,0.0,0.0,0.0,0.0,0.0,0.0,0.0,
01015000800,Calhoun County,Calhoun County,1,1752,0.0,41.04,1,32.6,82917.0,381.0,173,297,130.0,102.0,0.0,0,0.0,0,0,0.0,0.0,0.0,0.0,0.0,0.0,0.0,0.0,
01015001501,Calhoun County,Calhoun County,0,3421,0.0,0.0,0,17.6,73807.0,1870.0,776,588,10.0,228.0,0.0,0,0.0,0,0,0.0,0.0,0.0,0.0,0.0,0.0,0.0,0.0,
01015001801,Calhoun County,Calhoun County,0,2440,0.0,0.08,1,29.5,37222.0,925.0,549,421,66.0,205.0,0.0,0,0.0,0,0,0.0,0.0,0.0,0.0,0.0,0.0,0.0,0.0,
01015002300,Calhoun County,Calhoun County,0,3717,0.0,0.0,1,15.5,62788.0,2208.0,850,704,75.0,235.0,0.0,0,0.0,0,0,0.0,0.0,0.0,0.0,0.0,0.0,0.0,0.0,
01015002502,Calhoun County,Calhoun County,0,4553,0.0,1.56,0,12.6,72973.0,2429.0,982,912,96.0,275.0,0.0,0,0.0,0,0,0.0,0.0,0.0,0.0,0.0,0.0,0.0,0.0,
01015002503,Calhoun County,Calhoun County,0,3861,0.0,1.17,0,14.4,95735.0,2672.0,841,710,10.0,82.0,0.0,0,0.0,0,0,0.0,0.0,0.0,0.0,0.0,0.0,0.0,0.0,
01015002504,Calhoun County,Calhoun County,0,3181,0.0,0.0,0,13.0,81667.0,2110.0,729,572,22.0,349.0,0.0,0,0.0,0,0,0.0,0.0,0.0,0.0,0.0,0.0,0.0,0.0,
01015981901,Calhoun County,Calhoun County,0,8,0.0,0.0,0,,,0.0,4,0,0.0,0.0,0.0,0,0.0,0,0,0.0,0.0,0.0,,0.0,,,,
01015981902,Calhoun County,Calhoun County,0,2,0.0,0.0,0,,,0.0,0,0,0.0,0.0,0.0,0,0.0,0,0,0.0,0.0,0.0,,,,,,
01015981903,Calhoun County,Calhoun County,0,0,,,0,,,0.0,0,0,0.0,0.0,0.0,0,0.0,0,0,0.0,0.0,,,,,,,
01017954002,Chambers County,Chambers County,0,3908,0.0,6.14,1,23.9,46125.0,1618.0,692,879,379.0,454.0,0.0,0,0.0,0,0,0.0,0.0,0.0,0.0,0.0,0.0,0.0,0.0,
01017954200,Chambers County,Chambers County,0,3309,0.0,0.0,0,8.3,75350.0,2674.0,694,625,42.0,101.0,0.0,0,0.0,0,0,0.0,0.0,0.0,0.0,0.0,0.0,0.0,0.0,
01019955802,Cherokee County,Cherokee County,0,3087,0.0,0.0,0,13.5,69375.0,1903.0,640,633,16.0,105.0,0.0,0,0.0,0,0,0.0,0.0,0.0,0.0,0.0,0.0,0.0,0.0,
01021060401,Chilton County,Chilton County,0,5749,0.0,0.24,0,7.7,89362.0,4360.0,1405,914,23.0,117.0,0.0,0,0.0,0,0,0.0,0.0,0.0,0.0,0.0,0.0,0.0,0.0,
01021060403,Chilton County,Chilton County,0,3818,0.0,0.0,1,14.2,68386.0,2635.0,986,540,43.0,101.0,0.0,0,0.0,0,0,0.0,0.0,0.0,0.0,0.0,0.0,0.0,0.0,
01021060404,Chilton County,Chilton County,0,5517,0.0,0.22,0,14.9,85701.0,2461.0,1352,901,0.0,387.0,0.0,0,0.0,0,0,0.0,0.0,0.0,0.0,0.0,0.0,,0.0,
01021060701,Chilton County,Chilton County,0,2552,0.0,0.0,0,17.5,87781.0,1255.0,631,334,95.0,209.0,0.0,0,0.0,0,0,0.0,0.0,0.0,0.0,0.0,0.0,0.0,0.0,
01029959600,Cleburne County,Cleburne County,0,4206,0.0,4.14,0,15.9,67576.0,2631.0,916,856,183.0,260.0,0.0,0,0.0,0,0,0.0,0.0,0.0,0.0,0.0,0.0,0.0,0.0,
01031010200,Coffee County,Coffee County,0,1853,0.0,0.0,0,13.1,81250.0,1253.0,388,411,28.0,57.0,0.0,0,0.0,0,0,0.0,0.0,0.0,0.0,0.0,0.0,0.0,0.0,
01031010400,Coffee County,Coffee County,0,1914,0.0,0.0,1,21.1,60000.0,1016.0,364,406,15.0,112.0,0.0,0,0.0,0,0,0.0,0.0,0.0,0.0,0.0,0.0,0.0,0.0,
01031010500,Coffee County,Coffee County,0,4412,0.0,8.27,1,24.4,59531.0,2268.0,881,961,52.0,315.0,0.0,0,0.0,0,0,0.0,0.0,0.0,0.0,0.0,0.0,0.0,0.0,
01031010600,Coffee County,Coffee County,0,1522,0.0,0.0,1,14.0,57619.0,864.0,318,359,19.0,43.0,0.0,0,0.0,0,0,0.0,0.0,0.0,0.0,0.0,0.0,0.0,0.0,
01031010800,Coffee County,Coffee County,0,3196,0.0,0.0,0,6.9,106827.0,3004.0,628,654,25.0,87.0,0.0,0,0.0,0,0,0.0,0.0,0.0,0.0,0.0,0.0,0.0,0.0,
01031010900,Coffee County,Coffee County,0,2159,0.0,0.56,1,41.9,49518.0,1394.0,534,358,35.0,199.0,0.0,0,0.0,0,0,0.0,0.0,0.0,0.0,0.0,0.0,0.0,0.0,
01031011000,Coffee County,Coffee County,0,3748,0.0,0.0,1,25.3,80898.0,2762.0,1024,568,78.0,233.0,0.0,0,0.0,0,0,0.0,0.0,0.0,0.0,0.0,0.0,0.0,0.0,
01031011100,Coffee County,Coffee County,1,2077,0.0,1.3,0,18.9,78304.0,1666.0,516,400,36.0,135.0,0.0,0,0.0,0,0,0.0,0.0,0.0,0.0,0.0,0.0,0.0,0.0,
01033020706,Colbert County,Colbert County,0,5857,0.0,0.29,0,16.4,85129.0,4235.0,1395,942,34.0,307.0,0.0,0,0.0,0,0,0.0,0.0,0.0,0.0,0.0,0.0,0.0,0.0,
01035960500,Conecuh County,Conecuh County,0,1591,0.0,2.89,1,26.4,54028.0,695.0,332,318,56.0,126.0,0.0,0,0.0,0,0,0.0,0.0,0.0,0.0,0.0,0.0,0.0,0.0,
01039961800,Covington County,Covington County,0,3114,0.0,4.37,1,29.9,62134.0,1203.0,676,801,66.0,211.0,0.0,0,0.0,0,0,0.0,0.0,0.0,0.0,0.0,0.0,0.0,0.0,
01039961900,Covington County,Covington County,0,2192,0.0,0.0,0,15.1,81726.0,1182.0,511,459,48.0,175.0,0.0,0,0.0,0,0,0.0,0.0,0.0,0.0,0.0,0.0,0.0,0.0,
01039962000,Covington County,Covington County,0,3911,0.0,3.58,1,26.0,39673.0,2039.0,817,802,209.0,309.0,0.0,0,0.0,0,0,0.0,0.0,0.0,0.0,0.0,0.0,0.0,0.0,
01039962100,Covington County,Covington County,0,1798,0.0,4.39,1,16.5,60417.0,868.0,422,268,57.0,83.0,0.0,0,0.0,0,0,0.0,0.0,0.0,0.0,0.0,0.0,0.0,0.0,
01039962700,Covington County,Covington County,0,1690,0.0,0.0,1,41.5,36813.0,619.0,445,283,91.0,214.0,0.0,0,0.0,0,0,0.0,0.0,0.0,0.0,0.0,0.0,0.0,0.0,
01041963400,Crenshaw County,Crenshaw County,0,1850,0.0,0.0,1,19.7,66394.0,1155.0,409,330,53.0,93.0,0.0,0,0.0,0,0,0.0,0.0,0.0,0.0,0.0,0.0,0.0,0.0,
01041963500,Crenshaw County,Crenshaw County,0,1962,0.0,0.0,0,15.6,75156.0,1538.0,418,361,33.0,171.0,0.0,0,0.0,0,0,0.0,0.0,0.0,0.0,0.0,0.0,0.0,0.0,
01041963700,Crenshaw County,Crenshaw County,0,3621,0.0,3.7,1,20.1,54757.0,1764.0,764,850,98.0,278.0,0.0,1,0.0,0,0,0.0,0.0,0.027616680475006903,0.0,0.0,0.0,0.0,0.0,
01043964100,Cullman County,Cullman County,0,5974,0.0,0.0,1,17.8,64444.0,3439.0,1328,1024,33.0,163.0,0.0,0,0.0,0,0,0.0,0.0,0.0,0.0,0.0,0.0,0.0,0.0,
01043964201,Cullman County,Cullman County,0,3663,0.0,0.0,0,10.4,68179.0,2605.0,838,640,58.0,146.0,0.0,0,0.0,0,0,0.0,0.0,0.0,0.0,0.0,0.0,0.0,0.0,
01043964202,Cullman County,Cullman County,0,4140,0.0,0.0,0,16.0,70563.0,2110.0,922,726,9.0,158.0,0.0,0,0.0,0,0,0.0,0.0,0.0,0.0,0.0,0.0,0.0,0.0,
01043964300,Cullman County,Cullman County,0,5372,0.0,0.73,0,13.4,80483.0,3675.0,1206,1053,0.0,178.0,0.0,0,0.0,0,0,0.0,0.0,0.0,0.0,0.0,0.0,,0.0,
01043964400,Cullman County,Cullman County,0,4562,0.0,0.0,0,5.9,82226.0,2991.0,1139,777,27.0,182.0,0.0,0,0.0,0,0,0.0,0.0,0.0,0.0,0.0,0.0,0.0,0.0,
01043964600,Cullman County,Cullman County,0,4046,0.0,0.0,0,5.3,77480.0,3097.0,885,707,79.0,134.0,0.0,0,0.0,0,0,0.0,0.0,0.0,0.0,0.0,0.0,0.0,0.0,
01043964700,Cullman County,Cullman County,0,5369,0.0,0.0,0,9.7,87208.0,3900.0,1386,827,96.0,164.0,0.0,0,0.0,0,0,0.0,0.0,0.0,0.0,0.0,0.0,0.0,0.0,
01043964902,Cullman County,Cullman County,0,4064,0.0,2.39,0,3.7,112217.0,2743.0,929,883,20.0,46.0,0.0,0,0.0,0,0,0.0,0.0,0.0,0.0,0.0,0.0,0.0,0.0,
01043965100,Cullman County,Cullman County,0,4255,0.0,0.0,0,15.5,99981.0,2973.0,1017,783,74.0,189.0,0.0,0,0.0,0,0,0.0,0.0,0.0,0.0,0.0,0.0,0.0,0.0,
01043965200,Cullman County,Cullman County,0,2395,0.0,0.58,0,16.9,78191.0,1440.0,574,392,20.0,76.0,0.0,0,0.0,0,0,0.0,0.0,0.0,0.0,0.0,0.0,0.0,0.0,
01043965300,Cullman County,Cullman County,0,4944,0.0,1.72,1,25.4,64214.0,2538.0,1088,939,48.0,133.0,0.0,0,0.0,0,0,0.0,0.0,0.0,0.0,0.0,0.0,0.0,0.0,
01043965401,Cullman County,Cullman County,0,3171,0.0,9.62,1,22.0,51844.0,1224.0,524,802,127.0,203.0,0.0,0,0.0,0,0,0.0,0.0,0.0,0.0,0.0,0.0,0.0,0.0,
01043965501,Cullman County,Cullman County,0,1484,0.0,0.0,0,15.7,98073.0,1427.0,294,297,18.0,84.0,0.0,0,0.0,0,0,0.0,0.0,0.0,0.0,0.0,0.0,0.0,0.0,
01045020000,Dale County,Dale County,0,4474,0.0,9.1,0,11.3,70000.0,2729.0,1486,41,12.0,36.0,0.0,0,0.0,0,0,0.0,0.0,0.0,0.0,0.0,0.0,0.0,0.0,
01045020300,Dale County,Dale County,0,2375,0.0,0.0,0,9.6,70893.0,1628.0,511,472,33.0,149.0,0.0,0,0.0,0,0,0.0,0.0,0.0,0.0,0.0,0.0,0.0,0.0,
01045020400,Dale County,Dale County,0,2423,0.0,4.83,0,7.8,71875.0,1427.0,381,758,37.0,71.0,0.0,0,0.0,0,0,0.0,0.0,0.0,0.0,0.0,0.0,0.0,0.0,
01045020801,Dale County,Dale County,0,3163,0.0,0.54,1,30.1,72903.0,1679.0,715,586,15.0,232.0,0.0,0,0.0,0,0,0.0,0.0,0.0,0.0,0.0,0.0,0.0,0.0,
01045021101,Dale County,Dale County,0,4770,0.0,0.21,0,11.7,98264.0,3441.0,1072,687,5.0,149.0,0.0,0,0.0,0,0,0.0,0.0,0.0,0.0,0.0,0.0,0.0,0.0,
01045021102,Dale County,Dale County,0,4153,0.0,0.24,1,18.2,57143.0,2376.0,916,648,185.0,477.0,0.0,0,0.0,0,0,0.0,0.0,0.0,0.0,0.0,0.0,0.0,0.0,
01045021200,Dale County,Dale County,0,2391,0.0,0.0,0,5.7,107143.0,1797.0,473,497,56.0,171.0,0.0,0,0.0,0,0,0.0,0.0,0.0,0.0,0.0,0.0,0.0,0.0,
01045021300,Dale County,Dale County,0,4231,0.0,0.0,0,9.7,71615.0,2987.0,877,873,108.0,264.0,0.0,0,0.0,0,0,0.0,0.0,0.0,0.0,0.0,0.0,0.0,0.0,
01045021400,Dale County,Dale County,0,5629,0.0,0.46,1,30.1,55685.0,2695.0,1387,799,242.0,509.0,0.0,0,0.0,0,0,0.0,0.0,0.0,0.0,0.0,0.0,0.0,0.0,
01047956102,Dallas County,Dallas County,0,2639,0.0,0.0,1,26.5,66979.0,1599.0,570,498,22.0,362.0,0.0,0,0.0,0,0,0.0,0.0,0.0,0.0,0.0,0.0,0.0,0.0,
01049960102,DeKalb County,DeKalb County,0,3709,0.0,0.0,1,15.6,56577.0,1880.0,788,759,27.0,189.0,0.0,0,0.0,0,0,0.0,0.0,0.0,0.0,0.0,0.0,0.0,0.0,
01049960200,DeKalb County,DeKalb County,0,3518,0.0,0.0,1,17.9,56504.0,1599.0,781,715,95.0,313.0,0.0,0,0.0,0,0,0.0,0.0,0.0,0.0,0.0,0.0,0.0,0.0,
01049960301,DeKalb County,DeKalb County,0,956,0.0,0.0,0,5.0,73705.0,703.0,247,162,23.0,67.0,0.0,0,0.0,0,0,0.0,0.0,0.0,0.0,0.0,0.0,0.0,0.0,
01049960302,DeKalb County,DeKalb County,0,1343,0.0,8.71,1,21.3,61830.0,733.0,251,224,20.0,53.0,0.0,0,0.0,0,0,0.0,0.0,0.0,0.0,0.0,0.0,0.0,0.0,
01049960303,DeKalb County,DeKalb County,0,4567,0.0,0.0,0,11.0,84046.0,3302.0,1058,881,33.0,334.0,0.0,0,0.0,0,0,0.0,0.0,0.0,0.0,0.0,0.0,0.0,0.0,
01049960401,DeKalb County,DeKalb County,0,1289,0.0,0.0,0,17.8,79022.0,670.0,249,283,19.0,77.0,0.0,0,0.0,0,0,0.0,0.0,0.0,0.0,0.0,0.0,0.0,0.0,
01049960402,DeKalb County,DeKalb County,0,5587,0.0,0.0,0,10.1,76799.0,3915.0,1380,933,61.0,146.0,0.0,0,0.0,0,0,0.0,0.0,0.0,0.0,0.0,0.0,0.0,0.0,
01049960601,DeKalb County,DeKalb County,0,1547,0.0,0.0,1,38.5,70455.0,652.0,391,246,0.0,83.0,0.0,0,0.0,0,0,0.0,0.0,0.0,0.0,0.0,0.0,,0.0,
01049960701,DeKalb County,DeKalb County,0,2320,0.0,4.78,1,33.2,49107.0,889.0,604,391,28.0,165.0,0.0,0,0.0,0,0,0.0,0.0,0.0,0.0,0.0,0.0,0.0,0.0,
01049960702,DeKalb County,DeKalb County,0,1294,0.0,0.0,0,16.4,77584.0,974.0,288,229,24.0,89.0,0.0,0,0.0,0,0,0.0,0.0,0.0,0.0,0.0,0.0,0.0,0.0,
01049960703,DeKalb County,DeKalb County,0,5153,0.0,0.0,1,36.7,61250.0,2031.0,1752,505,39.0,409.0,0.0,0,0.0,0,0,0.0,0.0,0.0,0.0,0.0,0.0,0.0,0.0,
01049960900,DeKalb County,DeKalb County,0,3995,0.0,6.33,1,28.5,57713.0,1877.0,882,633,80.0,251.0,0.0,0,0.0,0,0,0.0,0.0,0.0,0.0,0.0,0.0,0.0,0.0,
01049961000,DeKalb County,DeKalb County,0,3950,0.0,0.0,1,21.1,58983.0,2197.0,913,782,33.0,262.0,0.0,0,0.0,0,0,0.0,0.0,0.0,0.0,0.0,0.0,0.0,0.0,
01049961100,DeKalb County,DeKalb County,0,3336,0.0,5.52,1,23.8,71000.0,1463.0,891,641,19.0,256.0,0.0,0,0.0,0,0,0.0,0.0,0.0,0.0,0.0,0.0,0.0,0.0,
01049961200,DeKalb County,DeKalb County,0,2425,0.0,0.0,0,16.1,86354.0,1657.0,612,437,30.0,97.0,0.0,0,0.0,0,0,0.0,0.0,0.0,0.0,0.0,0.0,0.0,0.0,
01051030102,Elmore County,Elmore County,0,2353,0.0,0.0,0,9.3,87679.0,1536.0,652,281,10.0,95.0,0.0,0,0.0,0,0,0.0,0.0,0.0,0.0,0.0,0.0,0.0,0.0,
01051030103,Elmore County,Elmore County,0,5534,1.0,71.85,0,5.7,78846.0,1317.0,429,323,22.0,39.0,0.0,0,0.0,0,0,0.0,0.0,0.0,0.0,0.0,0.0,0.0,0.0,
01051030402,Elmore County,Elmore County,0,4757,0.0,4.14,0,5.2,97059.0,3204.0,1020,997,40.0,200.0,0.0,0,0.0,0,0,0.0,0.0,0.0,0.0,0.0,0.0,0.0,0.0,
01051030500,Elmore County,Elmore County,0,5272,0.0,0.0,0,9.3,68958.0,3757.0,1217,988,72.0,173.0,0.0,0,0.0,0,0,0.0,0.0,0.0,0.0,0.0,0.0,0.0,0.0,
01051030600,Elmore County,Elmore County,0,7432,0.0,13.68,0,12.7,97617.0,4514.0,1426,1220,30.0,581.0,0.0,0,0.0,0,0,0.0,0.0,0.0,0.0,0.0,0.0,0.0,0.0,
01051030701,Elmore County,Elmore County,0,8391,0.0,0.0,0,1.7,140639.0,8063.0,2058,1405,43.0,57.0,0.0,0,0.0,0,0,0.0,0.0,0.0,0.0,0.0,0.0,0.0,0.0,
01051030901,Elmore County,Elmore County,0,6862,0.0,4.27,0,6.5,106719.0,5711.0,1691,800,92.0,174.0,0.0,0,0.0,0,0,0.0,0.0,0.0,0.0,0.0,0.0,0.0,0.0,
01051030902,Elmore County,Elmore County,0,4120,0.0,4.44,0,18.0,79012.0,2632.0,1027,699,124.0,401.0,0.0,0,0.0,0,0,0.0,0.0,0.0,0.0,0.0,0.0,0.0,0.0,
01053970500,Escambia County,Escambia County,0,4976,0.0,0.02,0,12.8,68841.0,3078.0,1163,967,187.0,101.0,0.0,0,0.0,0,0,0.0,0.0,0.0,0.0,0.0,0.0,0.0,0.0,
01053970600,Escambia County,Escambia County,0,3707,0.0,0.0,1,31.9,65375.0,980.0,877,590,149.0,356.0,0.0,0,0.0,0,0,0.0,0.0,0.0,0.0,0.0,0.0,0.0,0.0,
01055000700,Etowah County,Etowah County,1,1134,0.0,0.0,1,59.1,19875.0,117.0,320,132,61.0,349.0,0.0,0,0.0,0,0,0.0,0.0,0.0,0.0,0.0,0.0,0.0,0.0,
01055000800,Etowah County,Etowah County,1,910,0.0,1.32,1,35.6,,393.0,211,138,5.0,115.0,0.0,0,0.0,0,0,0.0,0.0,0.0,0.0,0.0,0.0,0.0,0.0,
01055001100,Etowah County,Etowah County,0,5108,0.0,2.62,0,8.2,91992.0,3570.0,1018,1349,54.0,144.0,0.0,0,0.0,0,0,0.0,0.0,0.0,0.0,0.0,0.0,0.0,0.0,
01055010100,Etowah County,Etowah County,0,2033,0.0,0.0,0,9.1,69844.0,1432.0,386,433,78.0,153.0,0.0,0,0.0,0,0,0.0,0.0,0.0,0.0,0.0,0.0,0.0,0.0,
01055010300,Etowah County,Etowah County,0,2849,0.0,0.0,1,9.6,63625.0,1571.0,543,596,10.0,113.0,0.0,0,0.0,0,0,0.0,0.0,0.0,0.0,0.0,0.0,0.0,0.0,
01055010503,Etowah County,Etowah County,0,4360,0.0,0.0,0,3.1,70313.0,2833.0,958,787,0.0,8.0,0.0,0,0.0,0,0,0.0,0.0,0.0,0.0,0.0,0.0,,0.0,
01055010504,Etowah County,Etowah County,0,4746,0.0,0.0,0,4.9,99107.0,4110.0,963,1040,46.0,40.0,0.0,0,0.0,0,0,0.0,0.0,0.0,0.0,0.0,0.0,0.0,0.0,
01055010506,Etowah County,Etowah County,0,2344,0.0,0.0,0,8.0,109318.0,1662.0,493,459,7.0,44.0,0.0,0,0.0,0,0,0.0,0.0,0.0,0.0,0.0,0.0,0.0,0.0,
01055010601,Etowah County,Etowah County,0,5600,0.0,0.0,0,3.7,104840.0,5313.0,1110,1248,20.0,92.0,0.0,0,0.0,0,0,0.0,0.0,0.0,0.0,0.0,0.0,0.0,0.0,
01055010700,Etowah County,Etowah County,0,3589,0.0,0.0,0,17.4,71971.0,2819.0,702,817,52.0,95.0,0.0,0,0.0,0,0,0.0,0.0,0.0,0.0,0.0,0.0,0.0,0.0,
01055011001,Etowah County,Etowah County,0,4660,0.0,0.0,0,9.8,83938.0,3054.0,1025,876,11.0,128.0,0.0,0,0.0,0,0,0.0,0.0,0.0,0.0,0.0,0.0,0.0,0.0,
01055011002,Etowah County,Etowah County,0,4797,0.0,0.0,0,18.8,67353.0,3225.0,1100,813,44.0,244.0,0.0,0,0.0,0,0,0.0,0.0,0.0,0.0,0.0,0.0,0.0,0.0,
01057020200,Fayette County,Fayette County,0,4117,0.0,6.46,1,31.4,53846.0,2129.0,777,1093,137.0,315.0,0.0,0,0.0,0,0,0.0,0.0,0.0,0.0,0.0,0.0,0.0,0.0,
01059972900,Franklin County,Franklin County,0,3971,0.0,0.0,1,21.5,66633.0,2123.0,950,693,64.0,302.0,0.0,0,0.0,0,0,0.0,0.0,0.0,0.0,0.0,0.0,0.0,0.0,
01059973702,Franklin County,Franklin County,0,957,0.0,0.0,0,17.8,77760.0,601.0,220,216,13.0,95.0,0.0,0,0.0,0,0,0.0,0.0,0.0,0.0,0.0,0.0,0.0,0.0,
01061050300,Geneva County,Geneva County,0,5173,0.0,3.05,1,23.4,51648.0,2627.0,1108,1143,212.0,592.0,0.0,0,0.0,0,0,0.0,0.0,0.0,0.0,0.0,0.0,0.0,0.0,
01061050500,Geneva County,Geneva County,0,4499,0.0,0.0,1,24.1,55484.0,2372.0,962,866,52.0,277.0,0.0,0,0.0,0,0,0.0,0.0,0.0,0.0,0.0,0.0,0.0,0.0,
01061050600,Geneva County,Geneva County,0,4002,0.0,0.0,0,18.8,79671.0,2853.0,905,758,65.0,134.0,0.0,0,0.0,0,0,0.0,0.0,0.0,0.0,0.0,0.0,0.0,0.0,
01065040402,Hale County,Hale County,0,1559,0.0,1.15,1,56.1,40938.0,472.0,387,243,107.0,417.0,0.0,0,0.0,0,0,0.0,0.0,0.0,0.0,0.0,0.0,0.0,0.0,
01067030200,Henry County,Henry County,0,2532,0.0,4.86,1,24.0,48333.0,1279.0,514,670,288.0,266.0,0.0,0,0.0,0,0,0.0,0.0,0.0,0.0,0.0,0.0,0.0,0.0,
01067030500,Henry County,Henry County,0,6630,0.0,0.27,0,7.5,103244.0,4847.0,1566,1262,102.0,186.0,0.0,0,0.0,0,0,0.0,0.0,0.0,0.0,0.0,0.0,0.0,0.0,
01069040100,Houston County,Houston County,0,5916,0.0,0.32,0,5.5,96021.0,4424.0,1517,929,75.0,120.0,0.0,0,0.0,0,0,0.0,0.0,0.0,0.0,0.0,0.0,0.0,0.0,
01069040203,Houston County,Houston County,0,3289,0.0,0.12,0,4.3,153160.0,2533.0,741,666,31.0,29.0,0.0,0,0.0,0,0,0.0,0.0,0.0,0.0,0.0,0.0,0.0,0.0,
01069040400,Houston County,Houston County,1,2562,0.0,1.41,0,13.6,121190.0,1842.0,549,518,61.0,131.0,0.0,0,0.0,0,0,0.0,0.0,0.0,0.0,0.0,0.0,0.0,0.0,
01069040600,Houston County,Houston County,1,1985,0.0,3.27,1,43.8,31250.0,442.0,452,270,272.0,435.0,0.0,0,0.0,0,0,0.0,0.0,0.0,0.0,0.0,0.0,0.0,0.0,
01069040801,Houston County,Houston County,0,4852,0.0,0.0,0,9.4,95000.0,4250.0,1155,950,26.0,153.0,0.0,0,0.0,0,0,0.0,0.0,0.0,0.0,0.0,0.0,0.0,0.0,
01069040802,Houston County,Houston County,0,4480,0.0,0.0,1,20.2,75096.0,2535.0,1202,777,51.0,260.0,0.0,0,0.0,0,0,0.0,0.0,0.0,0.0,0.0,0.0,0.0,0.0,
01069041600,Houston County,Houston County,0,5438,0.0,0.5,0,11.6,75054.0,3017.0,1241,922,102.0,268.0,0.0,0,0.0,0,0,0.0,0.0,0.0,0.0,0.0,0.0,0.0,0.0,
01069041700,Houston County,Houston County,0,1343,0.0,0.0,0,7.0,82019.0,989.0,282,308,19.0,60.0,0.0,0,0.0,0,0,0.0,0.0,0.0,0.0,0.0,0.0,0.0,0.0,
01069041901,Houston County,Houston County,0,2783,0.0,0.0,1,15.8,63015.0,1903.0,607,548,39.0,163.0,0.0,0,0.0,0,0,0.0,0.0,0.0,0.0,0.0,0.0,0.0,0.0,
01069041902,Houston County,Houston County,0,4635,0.0,0.0,0,14.3,77472.0,3147.0,974,926,127.0,308.0,0.0,0,0.0,0,0,0.0,0.0,0.0,0.0,0.0,0.0,0.0,0.0,
01069042100,Houston County,Houston County,0,8390,0.0,0.0,0,15.5,81755.0,5402.0,2105,1336,87.0,408.0,0.0,0,0.0,0,0,0.0,0.0,0.0,0.0,0.0,0.0,0.0,0.0,
01071950602,Jackson County,Jackson County,0,2451,0.0,0.0,1,32.2,53676.0,1214.0,568,437,34.0,134.0,0.0,0,0.0,0,0,0.0,0.0,0.0,0.0,0.0,0.0,0.0,0.0,
01071950902,Jackson County,Jackson County,0,4462,0.0,0.45,0,4.5,82132.0,2707.0,875,1178,73.0,75.0,0.0,0,0.0,0,0,0.0,0.0,0.0,0.0,0.0,0.0,0.0,0.0,
01073000300,Jefferson County,Jefferson County,1,1757,0.0,10.76,1,20.3,37304.0,609.0,367,260,93.0,181.0,0.0,0,0.0,0,0,0.0,0.0,0.0,0.0,0.0,0.0,0.0,0.0,
01073002200,Jefferson County,Jefferson County,1,2391,0.0,5.27,1,26.7,56346.0,899.0,584,409,133.0,295.0,0.0,0,0.0,0,0,0.0,0.0,0.0,0.0,0.0,0.0,0.0,0.0,
01073002402,Jefferson County,Jefferson County,1,1246,0.0,4.09,1,65.0,18869.0,253.0,569,81,55.0,148.0,0.0,0,0.0,0,0,0.0,0.0,0.0,0.0,0.0,0.0,0.0,0.0,
01073002701,Jefferson County,Jefferson County,1,1454,0.0,8.39,0,17.2,145227.0,1189.0,79,99,86.0,70.0,0.0,0,0.0,0,0,0.0,0.0,0.0,0.0,0.0,0.0,0.0,0.0,
01073002900,Jefferson County,Jefferson County,1,1838,0.0,4.52,1,47.3,40833.0,581.0,355,358,534.0,570.0,0.0,0,0.0,0,0,0.0,0.0,0.0,0.0,0.0,0.0,0.0,0.0,
01073003002,Jefferson County,Jefferson County,1,2568,0.0,0.82,1,13.3,65229.0,991.0,627,438,205.0,268.0,0.0,0,0.0,0,0,0.0,0.0,0.0,0.0,0.0,0.0,0.0,0.0,
01073003100,Jefferson County,Jefferson County,1,3051,0.0,0.46,1,25.2,44425.0,1209.0,625,573,59.0,380.0,0.0,0,0.0,0,0,0.0,0.0,0.0,0.0,0.0,0.0,0.0,0.0,
01073003200,Jefferson County,Jefferson County,1,1125,0.0,0.18,1,41.5,30089.0,198.0,279,195,210.0,261.0,0.0,0,0.0,0,0,0.0,0.0,0.0,0.0,0.0,0.0,0.0,0.0,
01073003700,Jefferson County,Jefferson County,1,4423,0.0,0.0,1,29.7,33378.0,1145.0,921,737,216.0,704.0,0.0,0,0.0,0,0,0.0,0.0,0.0,0.0,0.0,0.0,0.0,0.0,
01073003900,Jefferson County,Jefferson County,1,976,0.0,0.0,1,31.8,42132.0,470.0,220,160,105.0,156.0,0.0,0,0.0,0,0,0.0,0.0,0.0,0.0,0.0,0.0,0.0,0.0,
01073004200,Jefferson County,Jefferson County,1,1741,0.0,6.43,1,26.7,48309.0,746.0,270,374,157.0,156.0,0.0,0,0.0,0,0,0.0,0.0,0.0,0.0,0.0,0.0,0.0,0.0,
01073004501,Jefferson County,Jefferson County,1,3159,1.0,92.72,1,20.0,,81.0,33,14,2.0,2.0,0.0,0,0.0,0,0,0.0,0.0,0.0,0.0,0.0,0.0,0.0,0.0,
01073004502,Jefferson County,Jefferson County,1,3423,0.0,4.0,1,25.2,87721.0,1680.0,421,136,697.0,46.0,0.0,0,0.0,0,0,0.0,0.0,0.0,0.0,0.0,0.0,0.0,0.0,
01073004701,Jefferson County,Jefferson County,1,3482,0.0,6.89,0,12.4,132679.0,2381.0,180,596,79.0,34.0,0.0,0,0.0,0,0,0.0,0.0,0.0,0.0,0.0,0.0,0.0,0.0,
01073004901,Jefferson County,Jefferson County,1,1211,0.0,0.0,1,28.0,149318.0,738.0,45,221,190.0,101.0,0.0,0,0.0,0,0,0.0,0.0,0.0,0.0,0.0,0.0,0.0,0.0,
01073005101,Jefferson County,Jefferson County,1,1081,0.0,0.0,1,40.6,30524.0,271.0,283,140,37.0,201.0,0.0,0,0.0,0,0,0.0,0.0,0.0,0.0,0.0,0.0,0.0,0.0,
01073010100,Jefferson County,Jefferson County,1,1381,0.0,0.0,1,30.9,32330.0,334.0,299,268,97.0,251.0,0.0,0,0.0,0,0,0.0,0.0,0.0,0.0,0.0,0.0,0.0,0.0,
01073010605,Jefferson County,Jefferson County,1,936,0.0,0.0,1,59.0,,129.0,262,84,67.0,119.0,0.0,0,0.0,0,0,0.0,0.0,0.0,0.0,0.0,0.0,0.0,0.0,
01073010703,Jefferson County,Jefferson County,1,2552,0.0,0.0,0,4.3,238178.0,2185.0,680,369,0.0,0.0,0.0,0,0.0,0,0,0.0,0.0,0.0,0.0,0.0,0.0,,,
01073011114,Jefferson County,Jefferson County,0,8019,0.0,0.0,0,1.2,141864.0,6880.0,2312,956,0.0,20.0,0.0,0,0.0,0,0,0.0,0.0,0.0,0.0,0.0,0.0,,0.0,
01073011116,Jefferson County,Jefferson County,0,2819,0.0,0.0,0,3.4,110500.0,1827.0,590,483,0.0,29.0,0.0,0,0.0,0,0,0.0,0.0,0.0,0.0,0.0,0.0,,0.0,
01073011117,Jefferson County,Jefferson County,0,6020,0.0,0.0,0,2.8,87310.0,4052.0,1460,951,79.0,22.0,0.0,0,0.0,0,0,0.0,0.0,0.0,0.0,0.0,0.0,0.0,0.0,
01073011301,Jefferson County,Jefferson County,0,3562,0.0,0.0,0,12.0,82847.0,2694.0,793,617,16.0,221.0,0.0,0,0.0,0,0,0.0,0.0,0.0,0.0,0.0,0.0,0.0,0.0,
01073011303,Jefferson County,Jefferson County,0,3913,0.0,0.0,0,10.2,116304.0,2638.0,1024,524,24.0,80.0,0.0,0,0.0,0,0,0.0,0.0,0.0,0.0,0.0,0.0,0.0,0.0,
01073011304,Jefferson County,Jefferson County,0,3748,0.0,0.0,0,4.5,102481.0,3452.0,964,608,30.0,79.0,0.0,0,0.0,0,0,0.0,0.0,0.0,0.0,0.0,0.0,0.0,0.0,
01073011401,Jefferson County,Jefferson County,0,2517,0.0,0.0,1,20.8,73397.0,1584.0,533,494,84.0,289.0,0.0,0,0.0,0,0,0.0,0.0,0.0,0.0,0.0,0.0,0.0,0.0,
01073011500,Jefferson County,Jefferson County,0,6035,0.0,0.0,0,3.8,92500.0,4905.0,1336,1176,53.0,77.0,0.0,0,0.0,0,0,0.0,0.0,0.0,0.0,0.0,0.0,0.0,0.0,
01073011901,Jefferson County,Jefferson County,0,2926,0.0,5.57,1,28.7,44821.0,1016.0,703,662,143.0,305.0,0.0,0,0.0,0,0,0.0,0.0,0.0,0.0,0.0,0.0,0.0,0.0,
01073012302,Jefferson County,Jefferson County,0,3918,0.0,0.0,0,8.7,100060.0,3023.0,835,824,48.0,61.0,0.0,0,0.0,0,0,0.0,0.0,0.0,0.0,0.0,0.0,0.0,0.0,
01073012403,Jefferson County,Jefferson County,0,3414,0.0,0.44,0,7.8,74038.0,3317.0,774,642,87.0,200.0,0.0,0,0.0,0,0,0.0,0.0,0.0,0.0,0.0,0.0,0.0,0.0,
01073012500,Jefferson County,Jefferson County,0,4160,0.0,0.0,1,14.4,71384.0,2057.0,859,769,31.0,296.0,0.0,0,0.0,0,0,0.0,0.0,0.0,0.0,0.0,0.0,0.0,0.0,
01073012602,Jefferson County,Jefferson County,0,3106,0.0,2.67,1,23.9,60943.0,1690.0,689,428,145.0,330.0,0.0,0,0.0,0,0,0.0,0.0,0.0,0.0,0.0,0.0,0.0,0.0,
01073012704,Jefferson County,Jefferson County,0,2505,0.0,0.0,0,2.1,130270.0,2615.0,531,496,26.0,23.0,0.0,0,0.0,0,0,0.0,0.0,0.0,0.0,0.0,0.0,0.0,0.0,
01073012802,Jefferson County,Jefferson County,1,3109,0.0,0.29,0,7.9,146250.0,2200.0,670,555,17.0,8.0,0.0,0,0.0,0,0,0.0,0.0,0.0,0.0,0.0,0.0,0.0,0.0,
01073012805,Jefferson County,Jefferson County,0,2255,0.0,0.0,0,15.2,93826.0,1337.0,184,158,8.0,45.0,0.0,0,0.0,0,0,0.0,0.0,0.0,0.0,0.0,0.0,0.0,0.0,
01073012919,Jefferson County,Jefferson County,1,2841,0.0,0.0,1,21.9,47917.0,1113.0,649,104,33.0,182.0,0.0,0,0.0,0,0,0.0,0.0,0.0,0.0,0.0,0.0,0.0,0.0,
01073014104,Jefferson County,Jefferson County,0,3820,0.0,2.85,0,14.1,87601.0,2777.0,854,801,61.0,215.0,0.0,0,0.0,0,0,0.0,0.0,0.0,0.0,0.0,0.0,0.0,0.0,
01073014206,Jefferson County,Jefferson County,0,5256,0.0,0.0,0,6.0,99976.0,4462.0,1137,896,62.0,149.0,0.0,0,0.0,0,0,0.0,0.0,0.0,0.0,0.0,0.0,0.0,0.0,
01073014303,Jefferson County,Jefferson County,0,6557,0.0,3.17,0,9.0,187839.0,5176.0,1672,1004,145.0,24.0,0.0,0,0.0,0,0,0.0,0.0,0.0,0.0,0.0,0.0,0.0,0.0,
01073014415,Jefferson County,Jefferson County,0,3918,0.0,0.0,0,3.6,158250.0,4352.0,1009,493,8.0,7.0,0.0,0,0.0,0,0,0.0,0.0,0.0,0.0,0.0,0.0,0.0,0.0,
01075030101,Lamar County,Lamar County,0,3340,0.0,3.83,1,25.9,55654.0,1704.0,696,747,109.0,307.0,0.0,0,0.0,0,0,0.0,0.0,0.0,0.0,0.0,0.0,0.0,0.0,
01077010100,Lauderdale County,Lauderdale County,1,2278,0.0,59.83,1,30.5,68029.0,349.0,185,173,84.0,39.0,0.0,0,0.0,0,0,0.0,0.0,0.0,0.0,0.0,0.0,0.0,0.0,
01077010600,Lauderdale County,Lauderdale County,1,2672,0.0,5.58,0,16.6,71346.0,1414.0,478,290,58.0,102.0,0.0,0,0.0,0,0,0.0,0.0,0.0,0.0,0.0,0.0,0.0,0.0,
01077011401,Lauderdale County,Lauderdale County,0,3358,0.0,0.0,1,19.2,59244.0,1813.0,729,573,19.0,132.0,0.0,0,0.0,0,0,0.0,0.0,0.0,0.0,0.0,0.0,0.0,0.0,
01077011402,Lauderdale County,Lauderdale County,0,2948,0.0,0.0,0,2.8,102776.0,3249.0,666,589,0.0,35.0,0.0,0,0.0,0,0,0.0,0.0,0.0,0.0,0.0,0.0,,0.0,
01077011502,Lauderdale County,Lauderdale County,0,5501,0.0,1.13,0,16.6,101102.0,3275.0,1138,1224,15.0,124.0,0.0,0,0.0,0,0,0.0,0.0,0.0,0.0,0.0,0.0,0.0,0.0,
01077011602,Lauderdale County,Lauderdale County,0,4798,0.0,0.0,0,7.4,95694.0,3281.0,1044,878,44.0,119.0,0.0,0,0.0,0,0,0.0,0.0,0.0,0.0,0.0,0.0,0.0,0.0,
01077011603,Lauderdale County,Lauderdale County,0,4773,0.0,2.43,0,2.7,108487.0,3970.0,996,1041,74.0,52.0,0.0,0,0.0,0,0,0.0,0.0,0.0,0.0,0.0,0.0,0.0,0.0,
01077011700,Lauderdale County,Lauderdale County,0,4467,0.0,0.0,0,9.2,76059.0,4137.0,901,917,69.0,110.0,0.0,0,0.0,0,0,0.0,0.0,0.0,0.0,0.0,0.0,0.0,0.0,
01077011801,Lauderdale County,Lauderdale County,0,4576,0.0,0.0,0,12.2,77869.0,3177.0,955,887,32.0,176.0,0.0,0,0.0,0,0,0.0,0.0,0.0,0.0,0.0,0.0,0.0,0.0,
01079979201,Lawrence County,Lawrence County,0,1874,0.0,0.0,1,21.8,73776.0,841.0,347,430,93.0,209.0,0.0,0,0.0,0,0,0.0,0.0,0.0,0.0,0.0,0.0,0.0,0.0,
01079979202,Lawrence County,Lawrence County,0,2251,0.0,0.0,1,27.1,50938.0,1266.0,468,449,36.0,279.0,0.0,0,0.0,0,0,0.0,0.0,0.0,0.0,0.0,0.0,0.0,0.0,
01079979300,Lawrence County,Lawrence County,0,4550,0.0,0.0,0,11.9,77391.0,3187.0,1047,863,48.0,189.0,0.0,0,0.0,0,0,0.0,0.0,0.0,0.0,0.0,0.0,0.0,0.0,
01079979400,Lawrence County,Lawrence County,0,4399,0.0,5.16,0,13.7,87614.0,3130.0,892,915,163.0,443.0,0.0,0,0.0,0,0,0.0,0.0,0.0,0.0,0.0,0.0,0.0,0.0,
01079979501,Lawrence County,Lawrence County,0,2647,0.0,0.0,0,11.6,88864.0,1767.0,604,448,36.0,68.0,0.0,0,0.0,0,0,0.0,0.0,0.0,0.0,0.0,0.0,0.0,0.0,
01079979502,Lawrence County,Lawrence County,0,3245,0.0,0.0,0,10.4,83188.0,2069.0,724,576,17.0,164.0,0.0,0,0.0,0,0,0.0,0.0,0.0,0.0,0.0,0.0,0.0,0.0,
01079979600,Lawrence County,Lawrence County,0,5409,0.0,0.0,0,11.3,80426.0,2852.0,1239,949,120.0,319.0,0.0,0,0.0,0,0,0.0,0.0,0.0,0.0,0.0,0.0,0.0,0.0,
01081040201,Lee County,Lee County,1,3760,0.0,0.0,1,48.9,77744.0,1268.0,495,155,104.0,47.0,0.0,0,0.0,0,0,0.0,0.0,0.0,0.0,0.0,0.0,0.0,0.0,
01081040801,Lee County,Lee County,1,2743,0.0,4.12,1,80.2,,219.0,153,27,53.0,15.0,0.0,0,0.0,0,0,0.0,0.0,0.0,0.0,0.0,0.0,0.0,0.0,
01081040802,Lee County,Lee County,1,2132,0.0,1.31,1,81.4,,25.0,114,27,26.0,16.0,0.0,0,0.0,0,0,0.0,0.0,0.0,0.0,0.0,0.0,0.0,0.0,
01081040903,Lee County,Lee County,1,1961,0.0,0.66,1,46.3,59307.0,626.0,239,71,190.0,213.0,0.0,0,0.0,0,0,0.0,0.0,0.0,0.0,0.0,0.0,0.0,0.0,
01081041104,Lee County,Lee County,0,3084,0.0,0.84,0,6.9,105250.0,3194.0,592,813,9.0,71.0,0.0,0,0.0,0,0,0.0,0.0,0.0,0.0,0.0,0.0,0.0,0.0,
01081041701,Lee County,Lee County,0,3293,0.0,0.0,0,6.5,129701.0,2343.0,831,495,36.0,47.0,0.0,0,0.0,0,0,0.0,0.0,0.0,0.0,0.0,0.0,0.0,0.0,
01081041702,Lee County,Lee County,0,2869,0.0,0.0,1,18.8,43854.0,1302.0,765,415,97.0,148.0,0.0,0,0.0,0,0,0.0,0.0,0.0,0.0,0.0,0.0,0.0,0.0,
01081041703,Lee County,Lee County,0,5114,0.0,0.33,0,10.4,102843.0,4248.0,1262,629,0.0,130.0,0.0,0,0.0,0,0,0.0,0.0,0.0,0.0,0.0,0.0,,0.0,
01081041801,Lee County,Lee County,0,2618,0.0,0.0,0,9.9,106724.0,1850.0,647,373,20.0,119.0,0.0,0,0.0,0,0,0.0,0.0,0.0,0.0,0.0,0.0,0.0,0.0,
01081041802,Lee County,Lee County,0,2764,0.0,0.0,0,12.8,79489.0,1626.0,778,337,11.0,89.0,0.0,0,0.0,0,0,0.0,0.0,0.0,0.0,0.0,0.0,0.0,0.0,
01081041901,Lee County,Lee County,0,2299,0.0,0.0,0,6.0,113339.0,2520.0,451,506,0.0,161.0,0.0,0,0.0,0,0,0.0,0.0,0.0,0.0,0.0,0.0,,0.0,
01081041902,Lee County,Lee County,0,3513,0.0,0.0,0,8.3,124948.0,2893.0,867,516,59.0,168.0,0.0,0,0.0,0,0,0.0,0.0,0.0,0.0,0.0,0.0,0.0,0.0,
01081041903,Lee County,Lee County,0,3585,0.0,0.0,0,4.4,73500.0,2341.0,862,581,13.0,64.0,0.0,0,0.0,0,0,0.0,0.0,0.0,0.0,0.0,0.0,0.0,0.0,
01081042003,Lee County,Lee County,0,3507,0.0,0.0,0,15.2,106645.0,2360.0,900,378,43.0,96.0,0.0,0,0.0,0,0,0.0,0.0,0.0,0.0,0.0,0.0,0.0,0.0,
01081042101,Lee County,Lee County,0,3993,0.0,0.0,1,27.5,79423.0,2614.0,953,667,48.0,304.0,0.0,0,0.0,0,0,0.0,0.0,0.0,0.0,0.0,0.0,0.0,0.0,
01081042103,Lee County,Lee County,0,2366,0.0,0.0,1,18.4,64643.0,1289.0,593,311,48.0,111.0,0.0,0,0.0,0,0,0.0,0.0,0.0,0.0,0.0,0.0,0.0,0.0,
01081042104,Lee County,Lee County,0,6246,0.0,0.0,0,5.8,121077.0,5030.0,1513,1026,206.0,376.0,0.0,0,0.0,0,0,0.0,0.0,0.0,0.0,0.0,0.0,0.0,0.0,
01083020101,Limestone County,Limestone County,0,4452,0.0,0.0,0,5.0,100609.0,3543.0,973,756,7.0,65.0,0.0,0,0.0,0,0,0.0,0.0,0.0,0.0,0.0,0.0,0.0,0.0,
01083020103,Limestone County,Limestone County,0,3115,0.0,0.0,0,8.8,100313.0,2509.0,707,564,219.0,108.0,0.0,0,0.0,0,0,0.0,0.0,0.0,0.0,0.0,0.0,0.0,0.0,
01083020104,Limestone County,Limestone County,0,4037,0.0,0.0,1,11.1,73309.0,2455.0,918,664,7.0,239.0,0.0,0,0.0,0,0,0.0,0.0,0.0,0.0,0.0,0.0,0.0,0.0,
01083020201,Limestone County,Limestone County,0,5043,0.0,0.0,1,9.9,74000.0,3383.0,1168,794,71.0,226.0,0.0,0,0.0,0,0,0.0,0.0,0.0,0.0,0.0,0.0,0.0,0.0,
01083020202,Limestone County,Limestone County,0,5219,0.0,0.0,0,14.1,98903.0,4138.0,1184,837,49.0,137.0,0.0,0,0.0,0,0,0.0,0.0,0.0,0.0,0.0,0.0,0.0,0.0,
01083020402,Limestone County,Limestone County,0,5798,0.0,0.0,1,14.9,71179.0,4187.0,1339,944,84.0,216.0,0.0,0,0.0,0,0,0.0,0.0,0.0,0.0,0.0,0.0,0.0,0.0,
01083020803,Limestone County,Limestone County,0,6099,0.0,0.0,0,3.5,107587.0,5557.0,1412,845,0.0,107.0,0.0,0,0.0,0,0,0.0,0.0,0.0,0.0,0.0,0.0,,0.0,
01083020804,Limestone County,Limestone County,0,5428,0.0,0.0,0,7.0,117137.0,4650.0,1133,973,32.0,188.0,0.0,0,0.0,0,0,0.0,0.0,0.0,0.0,0.0,0.0,0.0,0.0,
01083020805,Limestone County,Limestone County,0,5310,0.0,44.44,0,6.1,89075.0,2409.0,706,507,0.0,73.0,0.0,0,0.0,0,0,0.0,0.0,0.0,0.0,0.0,0.0,,0.0,
01083020806,Limestone County,Limestone County,0,3944,0.0,0.0,0,5.4,107422.0,3754.0,870,731,3.0,20.0,0.0,0,0.0,0,0,0.0,0.0,0.0,0.0,0.0,0.0,0.0,0.0,
01083021102,Limestone County,Limestone County,0,3899,0.0,0.0,0,8.3,141250.0,3367.0,921,723,48.0,127.0,0.0,0,0.0,0,0,0.0,0.0,0.0,0.0,0.0,0.0,0.0,0.0,
01085780800,Lowndes County,Lowndes County,0,3359,0.0,5.6,0,14.9,67031.0,1521.0,590,803,45.0,183.0,0.0,0,0.0,0,0,0.0,0.0,0.0,0.0,0.0,0.0,0.0,0.0,
01087231601,Macon County,Macon County,0,1132,0.0,0.0,1,21.6,66415.0,674.0,199,315,4.0,92.0,0.0,0,0.0,0,0,0.0,0.0,0.0,0.0,0.0,0.0,0.0,0.0,
01087231603,Macon County,Macon County,0,1112,0.0,0.0,0,8.5,84545.0,731.0,196,283,54.0,81.0,0.0,0,0.0,0,0,0.0,0.0,0.0,0.0,0.0,0.0,0.0,0.0,
01089000601,Madison County,Madison County,1,1531,0.0,0.39,1,9.9,66250.0,820.0,333,280,18.0,57.0,0.0,0,0.0,0,0,0.0,0.0,0.0,0.0,0.0,0.0,0.0,0.0,
01089001000,Madison County,Madison County,1,2978,0.0,0.0,0,7.7,123096.0,2414.0,351,451,22.0,125.0,0.0,0,0.0,0,0,0.0,0.0,0.0,0.0,0.0,0.0,0.0,0.0,
01089001801,Madison County,Madison County,0,3802,0.0,0.0,0,2.2,195793.0,3575.0,859,832,8.0,15.0,0.0,0,0.0,0,0,0.0,0.0,0.0,0.0,0.0,0.0,0.0,0.0,
01089001902,Madison County,Madison County,0,2278,0.0,11.68,0,4.3,193542.0,1719.0,298,907,58.0,7.0,0.0,0,0.0,0,0,0.0,0.0,0.0,0.0,0.0,0.0,0.0,0.0,
01089002000,Madison County,Madison County,1,2225,0.0,0.0,0,7.7,169219.0,1912.0,395,366,5.0,0.0,0.0,0,0.0,0,0,0.0,0.0,0.0,0.0,0.0,0.0,0.0,,
01089002300,Madison County,Madison County,1,5509,0.0,0.0,1,17.6,41838.0,1832.0,1412,635,156.0,488.0,0.0,0,0.0,0,0,0.0,0.0,0.0,0.0,0.0,0.0,0.0,0.0,
01089003100,Madison County,Madison County,1,3699,0.0,26.79,0,15.0,185313.0,2079.0,400,748,263.0,129.0,0.0,0,0.0,0,0,0.0,0.0,0.0,0.0,0.0,0.0,0.0,0.0,
01089010302,Madison County,Madison County,0,4389,0.0,0.0,1,12.0,87147.0,3602.0,1019,659,83.0,170.0,0.0,0,0.0,0,0,0.0,0.0,0.0,0.0,0.0,0.0,0.0,0.0,
01089010303,Madison County,Madison County,0,3571,0.0,0.0,1,7.3,76096.0,3437.0,834,545,71.0,37.0,0.0,0,0.0,0,0,0.0,0.0,0.0,0.0,0.0,0.0,0.0,0.0,
01089010304,Madison County,Madison County,0,5751,0.0,0.12,0,9.5,100122.0,3307.0,1341,838,7.0,199.0,0.0,0,0.0,0,0,0.0,0.0,0.0,0.0,0.0,0.0,0.0,0.0,
01089010403,Madison County,Madison County,0,3096,0.0,0.0,1,14.4,74817.0,1832.0,784,369,25.0,92.0,0.0,0,0.0,0,0,0.0,0.0,0.0,0.0,0.0,0.0,0.0,0.0,
01089010404,Madison County,Madison County,0,3034,0.0,0.0,1,6.9,68361.0,2063.0,644,536,79.0,150.0,0.0,0,0.0,0,0,0.0,0.0,0.0,0.0,0.0,0.0,0.0,0.0,
01089010405,Madison County,Madison County,0,3673,0.0,0.0,0,13.4,88343.0,2660.0,807,569,15.0,136.0,0.0,0,0.0,0,0,0.0,0.0,0.0,0.0,0.0,0.0,0.0,0.0,
01089010406,Madison County,Madison County,0,2987,0.0,0.0,0,7.6,101719.0,1998.0,680,449,58.0,111.0,0.0,0,0.0,0,0,0.0,0.0,0.0,0.0,0.0,0.0,0.0,0.0,
01089010502,Madison County,Madison County,0,4002,0.0,0.0,0,5.4,93580.0,4189.0,1054,412,35.0,160.0,0.0,0,0.0,0,0,0.0,0.0,0.0,0.0,0.0,0.0,0.0,0.0,
01089010503,Madison County,Madison County,0,6342,0.0,0.0,0,10.2,106033.0,5477.0,1651,693,140.0,69.0,0.0,0,0.0,0,0,0.0,0.0,0.0,0.0,0.0,0.0,0.0,0.0,
01089010703,Madison County,Madison County,0,4658,0.0,0.0,0,5.6,117218.0,5578.0,1238,534,0.0,89.0,0.0,0,0.0,0,0,0.0,0.0,0.0,0.0,0.0,0.0,,0.0,
01089010705,Madison County,Madison County,0,3248,0.0,0.09,1,7.1,84073.0,3290.0,777,462,16.0,149.0,0.0,0,0.0,0,0,0.0,0.0,0.0,0.0,0.0,0.0,0.0,0.0,
01089010902,Madison County,Madison County,0,3081,0.0,0.0,0,11.2,90865.0,2108.0,625,608,48.0,73.0,0.0,0,0.0,0,0,0.0,0.0,0.0,0.0,0.0,0.0,0.0,0.0,
01089010904,Madison County,Madison County,0,4628,0.0,0.0,0,0.5,186458.0,3742.0,1383,643,0.0,11.0,0.0,0,0.0,0,0,0.0,0.0,0.0,0.0,0.0,0.0,,0.0,
01089011301,Madison County,Madison County,0,4017,0.0,1.59,0,9.0,107500.0,3018.0,953,547,8.0,122.0,0.0,0,0.0,0,0,0.0,0.0,0.0,0.0,0.0,0.0,0.0,0.0,
01093964001,Marion County,Marion County,0,3198,0.0,0.0,1,23.8,40125.0,1709.0,706,577,3.0,243.0,0.0,0,0.0,0,0,0.0,0.0,0.0,0.0,0.0,0.0,0.0,0.0,
01093964402,Marion County,Marion County,0,1905,0.0,0.0,0,16.7,87750.0,1265.0,377,425,4.0,44.0,0.0,0,0.0,0,0,0.0,0.0,0.0,0.0,0.0,0.0,0.0,0.0,
01093964600,Marion County,Marion County,0,3065,0.0,2.84,1,17.1,63320.0,1765.0,637,663,36.0,168.0,0.0,0,0.0,0,0,0.0,0.0,0.0,0.0,0.0,0.0,0.0,0.0,
01093964701,Marion County,Marion County,0,2457,0.0,0.0,1,23.8,49819.0,1119.0,544,467,25.0,125.0,0.0,0,0.0,0,0,0.0,0.0,0.0,0.0,0.0,0.0,0.0,0.0,
01093964702,Marion County,Marion County,0,3145,0.0,7.34,0,13.1,86875.0,2052.0,590,794,56.0,251.0,0.0,0,0.0,0,0,0.0,0.0,0.0,0.0,0.0,0.0,0.0,0.0,
01095030101,Marshall County,Marshall County,0,1489,0.0,0.0,0,13.8,72500.0,1208.0,380,203,37.0,92.0,0.0,0,0.0,0,0,0.0,0.0,0.0,0.0,0.0,0.0,0.0,0.0,
01095030204,Marshall County,Marshall County,0,1823,0.0,0.0,0,10.3,74167.0,1247.0,345,452,14.0,93.0,0.0,0,0.0,0,0,0.0,0.0,0.0,0.0,0.0,0.0,0.0,0.0,
01095030301,Marshall County,Marshall County,0,2175,0.0,0.0,0,7.5,92036.0,2114.0,395,482,26.0,81.0,0.0,0,0.0,0,0,0.0,0.0,0.0,0.0,0.0,0.0,0.0,0.0,
01095030402,Marshall County,Marshall County,0,3502,0.0,0.0,0,4.7,98500.0,2511.0,791,618,28.0,35.0,0.0,0,0.0,0,0,0.0,0.0,0.0,0.0,0.0,0.0,0.0,0.0,
01095030501,Marshall County,Marshall County,0,2782,0.0,0.0,0,10.0,85125.0,1705.0,636,488,7.0,55.0,0.0,0,0.0,0,0,0.0,0.0,0.0,0.0,0.0,0.0,0.0,0.0,
01095030502,Marshall County,Marshall County,0,4868,0.0,1.87,0,19.8,73903.0,3144.0,1001,1013,105.0,254.0,0.0,0,0.0,0,0,0.0,0.0,0.0,0.0,0.0,0.0,0.0,0.0,
01095030803,Marshall County,Marshall County,0,2377,0.0,0.0,1,20.6,55429.0,863.0,627,378,38.0,118.0,0.0,0,0.0,0,0,0.0,0.0,0.0,0.0,0.0,0.0,0.0,0.0,
01095030902,Marshall County,Marshall County,0,4887,0.0,0.23,0,12.2,82274.0,3790.0,1358,880,45.0,172.0,0.0,0,0.0,0,0,0.0,0.0,0.0,0.0,0.0,0.0,0.0,0.0,
01095030904,Marshall County,Marshall County,0,5765,0.0,0.23,0,16.1,92788.0,3623.0,1547,803,64.0,252.0,0.0,0,0.0,0,0,0.0,0.0,0.0,0.0,0.0,0.0,0.0,0.0,
01095031001,Marshall County,Marshall County,0,3471,0.0,0.0,0,16.7,83203.0,2123.0,904,589,62.0,154.0,0.0,0,0.0,0,0,0.0,0.0,0.0,0.0,0.0,0.0,0.0,0.0,
01095031100,Marshall County,Marshall County,0,5066,0.0,1.76,1,24.8,75962.0,2270.0,1377,780,193.0,428.0,0.0,0,0.0,0,0,0.0,0.0,0.0,0.0,0.0,0.0,0.0,0.0,
01095031200,Marshall County,Marshall County,0,5727,0.0,1.64,0,17.5,68411.0,3223.0,1434,1131,127.0,343.0,0.0,0,0.0,0,0,0.0,0.0,0.0,0.0,0.0,0.0,0.0,0.0,
01097000200,Mobile County,Mobile County,1,1247,0.0,14.27,1,25.7,64706.0,580.0,59,442,140.0,161.0,0.0,0,0.0,0,0,0.0,0.0,0.0,0.0,0.0,0.0,0.0,0.0,
01097000401,Mobile County,Mobile County,1,1177,0.0,0.0,1,31.1,55721.0,296.0,320,172,158.0,186.0,0.0,0,0.0,0,0,0.0,0.0,0.0,0.0,0.0,0.0,0.0,0.0,
01097000402,Mobile County,Mobile County,1,872,0.0,0.0,1,55.2,22750.0,0.0,396,92,76.0,358.0,0.0,12,0.0,5,1,1.0,5.0,1.3761467889908257,,1.2626262626262625,1.0869565217391304,1.3157894736842106,1.3966480446927374,
01097000500,Mobile County,Mobile County,1,1487,0.0,0.0,1,35.5,44009.0,371.0,283,280,193.0,229.0,0.0,0,0.0,0,0,0.0,0.0,0.0,0.0,0.0,0.0,0.0,0.0,
01097000701,Mobile County,Mobile County,1,1783,0.0,0.0,1,38.8,42209.0,722.0,362,468,84.0,226.0,0.0,0,0.0,0,0,0.0,0.0,0.0,0.0,0.0,0.0,0.0,0.0,
01097000702,Mobile County,Mobile County,1,2038,0.0,0.1,1,17.7,64602.0,1258.0,393,525,33.0,193.0,0.0,0,0.0,0,0,0.0,0.0,0.0,0.0,0.0,0.0,0.0,0.0,
01097000802,Mobile County,Mobile County,1,1288,0.0,0.0,1,16.1,40393.0,600.0,305,279,0.0,177.0,0.0,0,0.0,0,0,0.0,0.0,0.0,0.0,0.0,0.0,,0.0,
01097000901,Mobile County,Mobile County,1,1543,0.0,0.45,0,7.2,100769.0,1036.0,334,193,58.0,87.0,0.0,0,0.0,0,0,0.0,0.0,0.0,0.0,0.0,0.0,0.0,0.0,
01097000902,Mobile County,Mobile County,1,1914,0.0,3.87,0,14.7,122604.0,1306.0,315,390,111.0,77.0,0.0,0,0.0,0,0,0.0,0.0,0.0,0.0,0.0,0.0,0.0,0.0,
01097000903,Mobile County,Mobile County,1,1454,0.0,8.67,1,22.9,77944.0,1020.0,270,269,59.0,168.0,0.0,0,0.0,0,0,0.0,0.0,0.0,0.0,0.0,0.0,0.0,0.0,
01097001001,Mobile County,Mobile County,1,1513,0.0,0.33,0,14.5,112679.0,934.0,262,228,91.0,62.0,0.0,0,0.0,0,0,0.0,0.0,0.0,0.0,0.0,0.0,0.0,0.0,
01097001100,Mobile County,Mobile County,1,2141,0.0,3.6,1,18.1,48500.0,758.0,437,603,535.0,424.0,0.0,0,0.0,0,0,0.0,0.0,0.0,0.0,0.0,0.0,0.0,0.0,
01097001302,Mobile County,Mobile County,1,2402,0.0,0.0,1,40.8,30083.0,578.0,580,456,277.0,377.0,0.0,0,0.0,0,0,0.0,0.0,0.0,0.0,0.0,0.0,0.0,0.0,
01097001400,Mobile County,Mobile County,1,1890,0.0,0.0,1,35.7,48854.0,724.0,434,308,156.0,379.0,0.0,0,0.0,0,0,0.0,0.0,0.0,0.0,0.0,0.0,0.0,0.0,
01097001501,Mobile County,Mobile County,1,1142,0.0,0.0,1,51.9,15476.0,157.0,311,208,100.0,233.0,0.0,0,0.0,0,0,0.0,0.0,0.0,0.0,0.0,0.0,0.0,0.0,
01097001502,Mobile County,Mobile County,1,1040,0.0,0.0,1,55.5,21250.0,183.0,397,106,89.0,168.0,0.0,0,0.0,0,0,0.0,0.0,0.0,0.0,0.0,0.0,0.0,0.0,
01097002000,Mobile County,Mobile County,0,1801,0.0,0.0,0,10.2,118500.0,1607.0,395,404,8.0,58.0,0.0,0,0.0,0,0,0.0,0.0,0.0,0.0,0.0,0.0,0.0,0.0,
01097002400,Mobile County,Mobile County,1,3269,0.0,0.21,1,19.3,56667.0,1764.0,710,489,80.0,404.0,0.0,0,0.0,0,0,0.0,0.0,0.0,0.0,0.0,0.0,0.0,0.0,
01097002700,Mobile County,Mobile County,1,2251,0.0,5.95,1,56.6,23173.0,536.0,642,332,285.0,313.0,0.0,0,0.0,0,0,0.0,0.0,0.0,0.0,0.0,0.0,0.0,0.0,
01097002800,Mobile County,Mobile County,1,4562,0.0,0.0,1,15.3,66422.0,2353.0,1122,573,101.0,558.0,0.0,0,0.0,0,0,0.0,0.0,0.0,0.0,0.0,0.0,0.0,0.0,
01097003202,Mobile County,Mobile County,1,2820,0.0,0.0,1,24.8,62862.0,1135.0,703,493,124.0,357.0,0.0,0,0.0,0,0,0.0,0.0,0.0,0.0,0.0,0.0,0.0,0.0,
01097003205,Mobile County,Mobile County,1,2856,0.0,0.0,1,31.2,56129.0,885.0,938,194,55.0,329.0,0.0,0,0.0,0,0,0.0,0.0,0.0,0.0,0.0,0.0,0.0,0.0,
01097003206,Mobile County,Mobile County,1,1052,0.0,0.19,0,10.7,,974.0,205,59,63.0,128.0,0.0,0,0.0,0,0,0.0,0.0,0.0,0.0,0.0,0.0,0.0,0.0,
01097003402,Mobile County,Mobile County,0,3776,0.0,1.19,1,17.1,61750.0,1646.0,1065,467,14.0,256.0,0.0,0,0.0,0,0,0.0,0.0,0.0,0.0,0.0,0.0,0.0,0.0,
01097003704,Mobile County,Mobile County,1,4577,0.0,1.77,0,9.1,81563.0,3304.0,846,975,69.0,83.0,0.0,0,0.0,0,0,0.0,0.0,0.0,0.0,0.0,0.0,0.0,0.0,
01097003800,Mobile County,Mobile County,0,1477,0.0,0.0,0,12.9,84375.0,1087.0,299,316,157.0,95.0,0.0,0,0.0,0,0,0.0,0.0,0.0,0.0,0.0,0.0,0.0,0.0,
01097003902,Mobile County,Mobile County,1,809,0.0,0.0,1,34.1,36563.0,205.0,149,156,16.0,44.0,0.0,0,0.0,0,0,0.0,0.0,0.0,0.0,0.0,0.0,0.0,0.0,
01097004000,Mobile County,Mobile County,1,2100,0.0,0.0,1,42.4,36373.0,594.0,579,416,105.0,333.0,0.0,0,0.0,0,0,0.0,0.0,0.0,0.0,0.0,0.0,0.0,0.0,
01097004100,Mobile County,Mobile County,1,638,0.0,0.78,1,39.4,80202.0,293.0,130,136,30.0,90.0,0.0,0,0.0,0,0,0.0,0.0,0.0,0.0,0.0,0.0,0.0,0.0,
01097004800,Mobile County,Mobile County,1,979,0.0,0.0,1,54.5,,184.0,320,146,35.0,230.0,0.0,1,0.0,0,0,0.0,0.0,0.10214504596527069,0.0,0.0,0.0,0.0,0.0,
01097005100,Mobile County,Mobile County,1,1476,0.0,0.2,1,33.5,51000.0,500.0,436,146,13.0,106.0,0.0,0,0.0,0,0,0.0,0.0,0.0,0.0,0.0,0.0,0.0,0.0,
01097005200,Mobile County,Mobile County,1,1618,0.0,1.17,1,23.2,53393.0,731.0,409,243,59.0,109.0,0.0,0,0.0,0,0,0.0,0.0,0.0,0.0,0.0,0.0,0.0,0.0,
01097005701,Mobile County,Mobile County,0,4439,0.0,0.0,0,8.4,118365.0,3012.0,1076,724,41.0,38.0,0.0,0,0.0,0,0,0.0,0.0,0.0,0.0,0.0,0.0,0.0,0.0,
01097006000,Mobile County,Mobile County,0,5016,0.0,1.2,1,23.8,66815.0,2844.0,1317,878,0.0,331.0,0.0,0,0.0,0,0,0.0,0.0,0.0,0.0,0.0,0.0,,0.0,
01097006102,Mobile County,Mobile County,0,2985,0.0,10.82,0,12.1,75391.0,1874.0,574,682,135.0,149.0,0.0,0,0.0,0,0,0.0,0.0,0.0,0.0,0.0,0.0,0.0,0.0,
01097006106,Mobile County,Mobile County,0,2940,0.0,2.41,0,5.4,74500.0,2111.0,592,567,20.0,44.0,0.0,0,0.0,0,0,0.0,0.0,0.0,0.0,0.0,0.0,0.0,0.0,
01097006107,Mobile County,Mobile County,0,4253,0.0,0.0,0,16.1,80250.0,2382.0,933,800,78.0,332.0,0.0,0,0.0,0,0,0.0,0.0,0.0,0.0,0.0,0.0,0.0,0.0,
01097006305,Mobile County,Mobile County,0,3088,0.0,0.0,0,4.7,74523.0,2125.0,734,462,11.0,244.0,0.0,0,0.0,0,0,0.0,0.0,0.0,0.0,0.0,0.0,0.0,0.0,
01097006501,Mobile County,Mobile County,0,5349,0.0,0.15,1,19.9,64628.0,3222.0,1247,815,128.0,433.0,0.0,0,0.0,0,0,0.0,0.0,0.0,0.0,0.0,0.0,0.0,0.0,
01097006504,Mobile County,Mobile County,0,4215,0.0,0.0,0,10.8,111750.0,2980.0,1002,719,31.0,222.0,0.0,0,0.0,0,0,0.0,0.0,0.0,0.0,0.0,0.0,0.0,0.0,
01097006505,Mobile County,Mobile County,0,5262,0.0,0.29,0,5.0,125469.0,5079.0,1302,792,106.0,43.0,0.0,0,0.0,0,0,0.0,0.0,0.0,0.0,0.0,0.0,0.0,0.0,
01097006702,Mobile County,Mobile County,0,3772,0.0,0.16,0,18.8,70313.0,2130.0,857,602,9.0,233.0,0.0,0,0.0,0,0,0.0,0.0,0.0,0.0,0.0,0.0,0.0,0.0,
01097006703,Mobile County,Mobile County,0,2668,0.0,0.49,0,10.4,82537.0,1636.0,604,527,65.0,141.0,0.0,0,0.0,0,0,0.0,0.0,0.0,0.0,0.0,0.0,0.0,0.0,
01097006704,Mobile County,Mobile County,0,4216,0.0,0.0,0,15.9,90271.0,2520.0,1077,577,14.0,237.0,0.0,0,0.0,0,0,0.0,0.0,0.0,0.0,0.0,0.0,0.0,0.0,
01097007103,Mobile County,Mobile County,0,3377,0.0,0.0,0,7.1,115976.0,2798.0,584,792,36.0,192.0,0.0,0,0.0,0,0,0.0,0.0,0.0,0.0,0.0,0.0,0.0,0.0,
01097007201,Mobile County,Mobile County,0,2855,0.0,0.0,0,8.9,79856.0,1639.0,653,489,63.0,126.0,0.0,0,0.0,0,0,0.0,0.0,0.0,0.0,0.0,0.0,0.0,0.0,
01097007203,Mobile County,Mobile County,0,1778,0.0,0.56,0,6.6,89250.0,1611.0,187,561,3.0,12.0,0.0,0,0.0,0,0,0.0,0.0,0.0,0.0,0.0,0.0,0.0,0.0,
01097007204,Mobile County,Mobile County,0,1531,0.0,0.0,0,5.8,95625.0,1302.0,229,365,18.0,130.0,0.0,0,0.0,0,0,0.0,0.0,0.0,0.0,0.0,0.0,0.0,0.0,
01097007300,Mobile County,Mobile County,0,4030,0.0,0.0,1,30.0,46554.0,1368.0,984,654,244.0,601.0,0.0,0,0.0,0,0,0.0,0.0,0.0,0.0,0.0,0.0,0.0,0.0,
01097007500,Mobile County,Mobile County,1,1346,0.0,0.52,1,22.9,60347.0,359.0,305,290,76.0,149.0,0.0,0,0.0,0,0,0.0,0.0,0.0,0.0,0.0,0.0,0.0,0.0,
01097007700,Mobile County,Mobile County,1,1154,0.0,0.0,1,29.1,,517.0,238,266,90.0,172.0,0.0,0,0.0,0,0,0.0,0.0,0.0,0.0,0.0,0.0,0.0,0.0,
01097980000,Mobile County,Mobile County,1,2022,1.0,98.66,0,,,0.0,2,0,0.0,0.0,0.0,0,0.0,0,0,0.0,0.0,0.0,,0.0,,,,
01097990000,Mobile County,Mobile County,0,0,,,0,,,0.0,0,0,0.0,0.0,0.0,0,0.0,0,0,0.0,0.0,,,,,,,
01099076000,Monroe County,Monroe County,0,3093,0.0,2.46,1,24.9,65417.0,1463.0,676,615,69.0,244.0,0.0,0,0.0,0,0,0.0,0.0,0.0,0.0,0.0,0.0,0.0,0.0,
01099076102,Monroe County,Monroe County,0,4114,0.0,0.0,1,19.0,48929.0,2115.0,988,685,66.0,160.0,0.0,0,0.0,0,0,0.0,0.0,0.0,0.0,0.0,0.0,0.0,0.0,
01101000100,Montgomery County,Montgomery County,1,982,0.0,6.21,1,31.0,,542.0,140,73,96.0,150.0,0.0,0,0.0,0,0,0.0,0.0,0.0,0.0,0.0,0.0,0.0,0.0,
01101000200,Montgomery County,Montgomery County,1,1440,0.0,51.46,1,24.4,46750.0,315.0,95,301,19.0,106.0,0.0,0,0.0,0,0,0.0,0.0,0.0,0.0,0.0,0.0,0.0,0.0,
01101000500,Montgomery County,Montgomery County,1,2902,0.0,0.0,1,19.5,64069.0,1190.0,725,354,92.0,147.0,0.0,0,0.0,0,0,0.0,0.0,0.0,0.0,0.0,0.0,0.0,0.0,
01101000600,Montgomery County,Montgomery County,1,1763,0.0,9.98,1,47.3,28281.0,109.0,560,379,186.0,474.0,0.0,0,0.0,0,0,0.0,0.0,0.0,0.0,0.0,0.0,0.0,0.0,
01101000700,Montgomery County,Montgomery County,1,997,0.0,0.4,1,62.0,21592.0,442.0,207,201,67.0,300.0,0.0,0,0.0,0,0,0.0,0.0,0.0,0.0,0.0,0.0,0.0,0.0,
01101001200,Montgomery County,Montgomery County,1,1455,0.0,0.0,1,53.9,21181.0,556.0,409,207,191.0,365.0,0.0,0,0.0,0,0,0.0,0.0,0.0,0.0,0.0,0.0,0.0,0.0,
01101001300,Montgomery County,Montgomery County,1,2094,0.0,0.0,1,22.1,65893.0,1086.0,403,392,133.0,149.0,0.0,0,0.0,0,0,0.0,0.0,0.0,0.0,0.0,0.0,0.0,0.0,
01101001400,Montgomery County,Montgomery County,1,3555,0.0,12.18,0,3.5,150540.0,2580.0,428,628,186.0,65.0,0.0,0,0.0,0,0,0.0,0.0,0.0,0.0,0.0,0.0,0.0,0.0,
01101001500,Montgomery County,Montgomery County,1,4112,0.0,50.49,1,32.4,66094.0,956.0,546,271,136.0,299.0,0.0,0,0.0,0,0,0.0,0.0,0.0,0.0,0.0,0.0,0.0,0.0,
01101002100,Montgomery County,Montgomery County,1,3886,0.0,0.0,0,12.1,84397.0,2682.0,1025,548,111.0,216.0,0.0,0,0.0,0,0,0.0,0.0,0.0,0.0,0.0,0.0,0.0,0.0,
01101002201,Montgomery County,Montgomery County,1,3754,0.0,0.0,1,36.5,35333.0,1329.0,884,763,239.0,603.0,0.0,0,0.0,0,0,0.0,0.0,0.0,0.0,0.0,0.0,0.0,0.0,
01101002901,Montgomery County,Montgomery County,1,3313,0.0,5.19,1,21.5,50438.0,1148.0,861,429,201.0,495.0,0.0,0,0.0,0,0,0.0,0.0,0.0,0.0,0.0,0.0,0.0,0.0,
01101003301,Montgomery County,Montgomery County,1,3470,0.0,0.26,0,16.0,110813.0,2071.0,694,762,11.0,178.0,0.0,0,0.0,0,0,0.0,0.0,0.0,0.0,0.0,0.0,0.0,0.0,
01101005502,Montgomery County,Montgomery County,0,3195,0.0,0.0,0,7.3,115398.0,2854.0,971,297,0.0,101.0,0.0,0,0.0,0,0,0.0,0.0,0.0,0.0,0.0,0.0,,0.0,
01101005608,Montgomery County,Montgomery County,0,1633,0.0,0.0,0,6.5,160357.0,1272.0,417,316,0.0,9.0,0.0,0,0.0,0,0,0.0,0.0,0.0,0.0,0.0,0.0,,0.0,
01101005610,Montgomery County,Montgomery County,0,1400,0.0,0.0,0,16.7,77264.0,1146.0,383,220,75.0,86.0,0.0,0,0.0,0,0,0.0,0.0,0.0,0.0,0.0,0.0,0.0,0.0,
01101005611,Montgomery County,Montgomery County,0,3644,0.0,0.0,0,10.0,125600.0,2608.0,722,577,0.0,12.0,0.0,0,0.0,0,0,0.0,0.0,0.0,0.0,0.0,0.0,,0.0,
01101005800,Montgomery County,Montgomery County,0,1918,0.0,0.0,0,18.0,84904.0,982.0,309,539,62.0,191.0,0.0,1,0.0,0,0,0.0,0.0,0.05213764337851929,0.0,0.0,0.0,0.0,0.0,
01101006100,Montgomery County,Montgomery County,0,2062,0.0,0.0,1,30.5,55781.0,1054.0,411,495,156.0,183.0,0.0,0,0.0,0,0,0.0,0.0,0.0,0.0,0.0,0.0,0.0,0.0,
01103000800,Morgan County,Morgan County,1,3282,0.0,0.18,0,13.3,72950.0,2356.0,884,457,0.0,71.0,0.0,0,0.0,0,0,0.0,0.0,0.0,0.0,0.0,0.0,,0.0,
01103001000,Morgan County,Morgan County,1,3409,0.0,0.18,0,5.8,71278.0,2313.0,922,524,23.0,113.0,0.0,0,0.0,0,0,0.0,0.0,0.0,0.0,0.0,0.0,0.0,0.0,
01103005107,Morgan County,Morgan County,0,4495,0.0,0.0,0,2.9,102150.0,3881.0,930,870,74.0,63.0,0.0,0,0.0,0,0,0.0,0.0,0.0,0.0,0.0,0.0,0.0,0.0,
01103005201,Morgan County,Morgan County,0,2142,0.0,0.0,0,4.7,92679.0,1803.0,507,358,32.0,31.0,0.0,0,0.0,0,0,0.0,0.0,0.0,0.0,0.0,0.0,0.0,0.0,
01103005202,Morgan County,Morgan County,0,4471,0.0,0.0,1,22.8,70045.0,2262.0,1030,751,245.0,281.0,0.0,0,0.0,0,0,0.0,0.0,0.0,0.0,0.0,0.0,0.0,0.0,
01103005305,Morgan County,Morgan County,0,4632,0.0,0.0,0,16.1,93125.0,4382.0,1144,777,23.0,405.0,0.0,0,0.0,0,0,0.0,0.0,0.0,0.0,0.0,0.0,0.0,0.0,
01103005306,Morgan County,Morgan County,0,3788,0.0,0.13,0,13.3,104000.0,2837.0,723,920,32.0,72.0,0.0,0,0.0,0,0,0.0,0.0,0.0,0.0,0.0,0.0,0.0,0.0,
01103005405,Morgan County,Morgan County,0,5170,0.0,0.64,1,37.7,76000.0,2873.0,1072,966,89.0,563.0,0.0,0,0.0,0,0,0.0,0.0,0.0,0.0,0.0,0.0,0.0,0.0,
01103005500,Morgan County,Morgan County,0,5745,0.0,5.92,0,6.1,108583.0,4803.0,1205,1200,105.0,95.0,0.0,0,0.0,0,0,0.0,0.0,0.0,0.0,0.0,0.0,0.0,0.0,
01103005601,Morgan County,Morgan County,0,3289,0.0,0.0,0,14.5,88553.0,2300.0,718,622,66.0,182.0,0.0,0,0.0,0,0,0.0,0.0,0.0,0.0,0.0,0.0,0.0,0.0,
01103005602,Morgan County,Morgan County,0,2426,0.0,0.0,1,23.8,83750.0,1642.0,547,433,41.0,208.0,0.0,0,0.0,0,0,0.0,0.0,0.0,0.0,0.0,0.0,0.0,0.0,
01103005701,Morgan County,Morgan County,0,2809,0.0,0.0,1,9.4,64864.0,1562.0,606,501,8.0,123.0,0.0,0,0.0,0,0,0.0,0.0,0.0,0.0,0.0,0.0,0.0,0.0,
01109189002,Pike County,Pike County,0,864,0.0,0.0,0,17.8,90938.0,362.0,114,124,42.0,17.0,0.0,0,0.0,0,0,0.0,0.0,0.0,0.0,0.0,0.0,0.0,0.0,
01109189102,Pike County,Pike County,0,3352,0.0,0.81,1,35.1,54930.0,1716.0,594,527,126.0,161.0,0.0,0,0.0,0,0,0.0,0.0,0.0,0.0,0.0,0.0,0.0,0.0,
01111000400,Randolph County,Randolph County,0,4286,0.0,2.45,1,15.4,63800.0,2595.0,1030,778,55.0,397.0,0.0,0,0.0,0,0,0.0,0.0,0.0,0.0,0.0,0.0,0.0,0.0,
01113030200,Russell County,Russell County,1,1766,0.0,0.0,1,40.9,33162.0,530.0,536,207,194.0,360.0,0.0,0,0.0,0,0,0.0,0.0,0.0,0.0,0.0,0.0,0.0,0.0,
01113030903,Russell County,Russell County,0,4598,0.0,0.0,0,17.5,81250.0,2224.0,1144,595,48.0,242.0,0.0,0,0.0,0,0,0.0,0.0,0.0,0.0,0.0,0.0,0.0,0.0,
01113030904,Russell County,Russell County,0,2991,0.0,0.0,1,14.6,62095.0,1486.0,882,296,53.0,134.0,0.0,0,0.0,0,0,0.0,0.0,0.0,0.0,0.0,0.0,0.0,0.0,
01113030905,Russell County,Russell County,0,3795,0.0,0.0,0,9.4,71880.0,2541.0,1190,213,39.0,194.0,0.0,0,0.0,0,0,0.0,0.0,0.0,0.0,0.0,0.0,0.0,0.0,
01113030907,Russell County,Russell County,0,3135,0.0,0.0,1,16.3,61411.0,1677.0,631,561,103.0,145.0,0.0,0,0.0,0,0,0.0,0.0,0.0,0.0,0.0,0.0,0.0,0.0,
01115040107,St. Clair County,St. Clair County,0,5901,0.0,0.0,0,17.0,97969.0,5321.0,1471,833,79.0,325.0,0.0,0,0.0,0,0,0.0,0.0,0.0,0.0,0.0,0.0,0.0,0.0,
01115040108,St. Clair County,St. Clair County,0,5225,0.0,0.0,0,2.6,128352.0,4570.0,1423,635,52.0,70.0,0.0,0,0.0,0,0,0.0,0.0,0.0,0.0,0.0,0.0,0.0,0.0,
01115040109,St. Clair County,St. Clair County,0,2819,0.0,0.0,1,12.4,60462.0,1765.0,669,462,0.0,169.0,0.0,0,0.0,0,0,0.0,0.0,0.0,0.0,0.0,0.0,,0.0,
01115040110,St. Clair County,St. Clair County,0,4967,0.0,0.0,0,12.0,106736.0,3418.0,1272,718,54.0,115.0,0.0,0,0.0,0,0,0.0,0.0,0.0,0.0,0.0,0.0,0.0,0.0,
01115040209,St. Clair County,St. Clair County,0,3312,0.0,3.47,1,15.6,65900.0,2193.0,761,563,67.0,156.0,0.0,0,0.0,0,0,0.0,0.0,0.0,0.0,0.0,0.0,0.0,0.0,
01115040211,St. Clair County,St. Clair County,0,3072,0.0,0.0,1,31.3,61750.0,1592.0,806,432,36.0,387.0,0.0,0,0.0,0,0,0.0,0.0,0.0,0.0,0.0,0.0,0.0,0.0,
01115040213,St. Clair County,St. Clair County,0,3249,0.0,0.0,0,10.0,103789.0,2401.0,526,882,57.0,59.0,0.0,0,0.0,0,0,0.0,0.0,0.0,0.0,0.0,0.0,0.0,0.0,
01115040504,St. Clair County,St. Clair County,0,5436,0.0,0.0,0,1.3,109375.0,4843.0,1475,716,5.0,109.0,0.0,0,0.0,0,0,0.0,0.0,0.0,0.0,0.0,0.0,0.0,0.0,
01115040505,St. Clair County,St. Clair County,0,2154,0.0,0.0,0,3.2,88636.0,1638.0,481,495,0.0,69.0,0.0,0,0.0,0,0,0.0,0.0,0.0,0.0,0.0,0.0,,0.0,
01115040506,St. Clair County,St. Clair County,0,5659,0.0,0.58,0,8.1,84063.0,4466.0,1503,688,33.0,293.0,0.0,0,0.0,0,0,0.0,0.0,0.0,0.0,0.0,0.0,0.0,0.0,
01115040507,St. Clair County,St. Clair County,0,3303,0.0,33.58,0,4.7,98967.0,2234.0,571,430,5.0,70.0,0.0,0,0.0,0,0,0.0,0.0,0.0,0.0,0.0,0.0,0.0,0.0,
01117030211,Shelby County,Shelby County,0,3097,0.0,0.0,0,1.2,157895.0,2721.0,761,568,0.0,16.0,0.0,0,0.0,0,0,0.0,0.0,0.0,0.0,0.0,0.0,,0.0,
01117030218,Shelby County,Shelby County,0,4808,0.0,0.21,0,4.3,133658.0,4638.0,1313,603,35.0,58.0,0.0,0,0.0,0,0,0.0,0.0,0.0,0.0,0.0,0.0,0.0,0.0,
01117030219,Shelby County,Shelby County,0,5059,0.0,0.0,0,1.2,132589.0,4691.0,1399,704,49.0,11.0,0.0,0,0.0,0,0,0.0,0.0,0.0,0.0,0.0,0.0,0.0,0.0,
01117030345,Shelby County,Shelby County,0,3616,0.0,0.0,0,3.8,94808.0,2821.0,758,532,78.0,38.0,0.0,0,0.0,0,0,0.0,0.0,0.0,0.0,0.0,0.0,0.0,0.0,
01117030349,Shelby County,Shelby County,0,1226,0.0,0.0,0,19.0,99844.0,894.0,199,353,0.0,15.0,0.0,0,0.0,0,0,0.0,0.0,0.0,0.0,0.0,0.0,,0.0,
01117030351,Shelby County,Shelby County,0,3043,0.0,0.0,0,0.0,203098.0,4134.0,858,354,51.0,0.0,0.0,0,0.0,0,0,0.0,0.0,0.0,0.0,0.0,0.0,0.0,,
01117030405,Shelby County,Shelby County,0,1265,0.0,1.26,0,17.6,75000.0,614.0,289,166,60.0,50.0,0.0,0,0.0,0,0,0.0,0.0,0.0,0.0,0.0,0.0,0.0,0.0,
01117030406,Shelby County,Shelby County,0,3735,0.0,0.0,0,10.8,73393.0,2223.0,818,584,26.0,164.0,0.0,0,0.0,0,0,0.0,0.0,0.0,0.0,0.0,0.0,0.0,0.0,
01117030408,Shelby County,Shelby County,0,3165,0.0,0.0,1,22.9,59984.0,2191.0,732,511,48.0,215.0,0.0,0,0.0,0,0,0.0,0.0,0.0,0.0,0.0,0.0,0.0,0.0,
01117030503,Shelby County,Shelby County,0,4186,0.0,0.0,0,8.6,84410.0,3029.0,1167,461,13.0,127.0,0.0,0,0.0,0,0,0.0,0.0,0.0,0.0,0.0,0.0,0.0,0.0,
01117030504,Shelby County,Shelby County,0,3748,0.0,0.64,0,17.4,83326.0,2558.0,1060,396,64.0,233.0,0.0,0,0.0,0,0,0.0,0.0,0.0,0.0,0.0,0.0,0.0,0.0,
01117030611,Shelby County,Shelby County,0,3206,0.0,0.0,0,4.3,114792.0,2727.0,739,538,12.0,81.0,0.0,0,0.0,0,0,0.0,0.0,0.0,0.0,0.0,0.0,0.0,0.0,
01117030612,Shelby County,Shelby County,0,2210,0.0,0.0,0,5.3,112350.0,2645.0,531,290,6.0,37.0,0.0,0,0.0,0,0,0.0,0.0,0.0,0.0,0.0,0.0,0.0,0.0,
01117030614,Shelby County,Shelby County,0,4203,0.0,0.0,0,4.1,98711.0,3234.0,1122,406,14.0,93.0,0.0,0,0.0,0,0,0.0,0.0,0.0,0.0,0.0,0.0,0.0,0.0,
01117030701,Shelby County,Shelby County,0,5077,0.0,24.38,0,5.4,108777.0,3388.0,1048,607,35.0,136.0,0.0,0,0.0,0,0,0.0,0.0,0.0,0.0,0.0,0.0,0.0,0.0,
01117030703,Shelby County,Shelby County,0,3735,0.0,0.37,0,12.5,97962.0,3269.0,856,734,117.0,216.0,0.0,0,0.0,0,0,0.0,0.0,0.0,0.0,0.0,0.0,0.0,0.0,
01117980000,Shelby County,Shelby County,0,14,0.0,0.0,0,,,0.0,2,1,0.0,0.0,0.0,0,0.0,0,0,0.0,0.0,0.0,,0.0,0.0,,,
01117980100,Shelby County,Shelby County,0,4,0.0,0.0,0,,,0.0,1,1,0.0,0.0,0.0,0,0.0,0,0,0.0,0.0,0.0,,0.0,0.0,,,
01121010202,Talladega County,Talladega County,0,4311,0.0,0.51,0,12.1,73933.0,2827.0,929,809,42.0,90.0,0.0,0,0.0,0,0,0.0,0.0,0.0,0.0,0.0,0.0,0.0,0.0,
01121010301,Talladega County,Talladega County,0,3133,0.0,0.0,0,15.9,81925.0,1862.0,689,479,109.0,248.0,0.0,0,0.0,0,0,0.0,0.0,0.0,0.0,0.0,0.0,0.0,0.0,
01121010500,Talladega County,Talladega County,0,2713,0.0,0.0,1,23.8,59326.0,1567.0,686,446,26.0,298.0,0.0,0,0.0,0,0,0.0,0.0,0.0,0.0,0.0,0.0,0.0,0.0,
01121010700,Talladega County,Talladega County,0,2966,0.0,66.25,0,10.0,70858.0,607.0,209,278,5.0,95.0,0.0,0,0.0,0,0,0.0,0.0,0.0,0.0,0.0,0.0,0.0,0.0,
01121011400,Talladega County,Talladega County,0,2668,0.0,0.0,1,27.5,60817.0,1390.0,519,467,90.0,229.0,0.0,0,0.0,0,0,0.0,0.0,0.0,0.0,0.0,0.0,0.0,0.0,
01121011600,Talladega County,Talladega County,0,4903,0.0,0.0,1,26.5,62039.0,3025.0,1146,807,198.0,581.0,0.0,0,0.0,0,0,0.0,0.0,0.0,0.0,0.0,0.0,0.0,0.0,
01121011700,Talladega County,Talladega County,0,4106,0.0,0.22,1,17.9,54545.0,1598.0,872,880,185.0,215.0,0.0,0,0.0,0,0,0.0,0.0,0.0,0.0,0.0,0.0,0.0,0.0,
01121011800,Talladega County,Talladega County,1,2107,0.0,4.08,1,24.5,56716.0,1284.0,390,477,140.0,374.0,0.0,0,0.0,0,0,0.0,0.0,0.0,0.0,0.0,0.0,0.0,0.0,
01123962200,Tallapoosa County,Tallapoosa County,0,4628,0.0,1.56,1,24.4,59400.0,2681.0,1022,961,280.0,282.0,0.0,0,0.0,0,0,0.0,0.0,0.0,0.0,0.0,0.0,0.0,0.0,
01123962502,Tallapoosa County,Tallapoosa County,0,3574,0.0,0.0,0,5.9,103510.0,2819.0,348,1291,70.0,65.0,0.0,0,0.0,0,0,0.0,0.0,0.0,0.0,0.0,0.0,0.0,0.0,
01123962600,Tallapoosa County,Tallapoosa County,0,1661,0.0,1.2,1,23.1,59167.0,945.0,324,349,86.0,153.0,0.0,0,0.0,0,0,0.0,0.0,0.0,0.0,0.0,0.0,0.0,0.0,
01123962701,Tallapoosa County,Tallapoosa County,0,1950,0.0,0.0,0,9.3,67250.0,1444.0,427,373,51.0,52.0,0.0,0,0.0,0,0,0.0,0.0,0.0,0.0,0.0,0.0,0.0,0.0,
01125010203,Tuscaloosa County,Tuscaloosa County,0,3033,0.0,0.0,0,11.3,115583.0,2728.0,636,665,20.0,44.0,0.0,0,0.0,0,0,0.0,0.0,0.0,0.0,0.0,0.0,0.0,0.0,
01125010204,Tuscaloosa County,Tuscaloosa County,0,5136,0.0,1.44,0,9.8,111463.0,3827.0,991,908,212.0,155.0,0.0,0,0.0,0,0,0.0,0.0,0.0,0.0,0.0,0.0,0.0,0.0,
01125010305,Tuscaloosa County,Tuscaloosa County,0,4079,0.0,0.0,0,4.1,100670.0,2382.0,950,604,0.0,25.0,0.0,0,0.0,0,0,0.0,0.0,0.0,0.0,0.0,0.0,,0.0,
01125010603,Tuscaloosa County,Tuscaloosa County,0,6089,0.0,0.0,0,9.1,96027.0,4845.0,1448,929,83.0,149.0,0.0,0,0.0,0,0,0.0,0.0,0.0,0.0,0.0,0.0,0.0,0.0,
01125010703,Tuscaloosa County,Tuscaloosa County,0,3602,0.0,0.0,0,7.3,92216.0,2785.0,946,353,12.0,70.0,0.0,0,0.0,0,0,0.0,0.0,0.0,0.0,0.0,0.0,0.0,0.0,
01125010706,Tuscaloosa County,Tuscaloosa County,0,4326,0.0,0.02,0,3.9,81514.0,2855.0,986,679,1.0,153.0,0.0,0,0.0,0,0,0.0,0.0,0.0,0.0,0.0,0.0,0.0,0.0,
01125011200,Tuscaloosa County,Tuscaloosa County,1,9076,1.0,84.99,1,57.7,141042.0,312.0,116,384,332.0,188.0,0.0,0,0.0,0,0,0.0,0.0,0.0,0.0,0.0,0.0,0.0,0.0,
01125011401,Tuscaloosa County,Tuscaloosa County,1,3773,0.0,24.12,1,69.2,51094.0,467.0,201,111,95.0,67.0,0.0,0,0.0,0,0,0.0,0.0,0.0,0.0,0.0,0.0,0.0,0.0,
01125011402,Tuscaloosa County,Tuscaloosa County,1,3200,0.0,0.0,1,67.0,,641.0,118,175,91.0,15.0,0.0,0,0.0,0,0,0.0,0.0,0.0,0.0,0.0,0.0,0.0,0.0,
01125011701,Tuscaloosa County,Tuscaloosa County,1,2597,0.0,7.82,1,30.5,44853.0,1105.0,640,428,140.0,316.0,0.0,0,0.0,0,0,0.0,0.0,0.0,0.0,0.0,0.0,0.0,0.0,
01125011902,Tuscaloosa County,Tuscaloosa County,1,2953,0.0,4.37,1,55.6,41447.0,639.0,461,245,187.0,382.0,0.0,0,0.0,0,0,0.0,0.0,0.0,0.0,0.0,0.0,0.0,0.0,
01125012001,Tuscaloosa County,Tuscaloosa County,1,1712,0.0,0.0,1,29.7,65750.0,681.0,114,110,125.0,119.0,0.0,0,0.0,0,0,0.0,0.0,0.0,0.0,0.0,0.0,0.0,0.0,
01125012002,Tuscaloosa County,Tuscaloosa County,1,2736,0.0,0.0,1,57.7,,371.0,207,101,56.0,41.0,0.0,0,0.0,0,0,0.0,0.0,0.0,0.0,0.0,0.0,0.0,0.0,
01125012407,Tuscaloosa County,Tuscaloosa County,1,1306,0.0,0.0,1,23.8,31558.0,382.0,261,208,166.0,221.0,0.0,1,0.0,0,0,0.0,0.0,0.07656967840735068,0.0,0.0,0.0,0.0,0.0,
01125012501,Tuscaloosa County,Tuscaloosa County,0,1535,0.0,0.0,1,15.0,55658.0,847.0,293,317,57.0,95.0,0.0,0,0.0,0,0,0.0,0.0,0.0,0.0,0.0,0.0,0.0,0.0,
01127020100,Walker County,Walker County,0,3624,0.0,2.9,1,28.3,55938.0,1567.0,783,677,83.0,146.0,0.0,0,0.0,0,0,0.0,0.0,0.0,0.0,0.0,0.0,0.0,0.0,
01127020200,Walker County,Walker County,0,4372,0.0,9.79,0,7.2,79000.0,2582.0,923,956,22.0,194.0,0.0,0,0.0,0,0,0.0,0.0,0.0,0.0,0.0,0.0,0.0,0.0,
01127020400,Walker County,Walker County,0,2231,0.0,0.54,0,16.0,83795.0,1323.0,509,398,76.0,163.0,0.0,0,0.0,0,0,0.0,0.0,0.0,0.0,0.0,0.0,0.0,0.0,
01127020600,Walker County,Walker County,0,2460,0.0,0.12,1,28.4,70982.0,1282.0,560,452,0.0,167.0,0.0,0,0.0,0,0,0.0,0.0,0.0,0.0,0.0,0.0,,0.0,
01127020700,Walker County,Walker County,0,3139,0.0,0.0,1,24.6,93983.0,2510.0,697,524,8.0,79.0,0.0,0,0.0,0,0,0.0,0.0,0.0,0.0,0.0,0.0,0.0,0.0,
01127020801,Walker County,Walker County,0,2478,0.0,0.0,1,16.3,63858.0,1357.0,564,447,49.0,88.0,0.0,0,0.0,0,0,0.0,0.0,0.0,0.0,0.0,0.0,0.0,0.0,
01127020802,Walker County,Walker County,0,3178,0.0,0.69,0,19.3,73814.0,1879.0,605,697,0.0,194.0,0.0,0,0.0,0,0,0.0,0.0,0.0,0.0,0.0,0.0,,0.0,
01127020900,Walker County,Walker County,0,4989,0.0,0.0,1,12.4,71404.0,3323.0,1075,966,120.0,168.0,0.0,0,0.0,0,0,0.0,0.0,0.0,0.0,0.0,0.0,0.0,0.0,
01127021000,Walker County,Walker County,0,3447,0.0,0.0,0,11.7,83411.0,2307.0,741,705,92.0,68.0,0.0,0,0.0,0,0,0.0,0.0,0.0,0.0,0.0,0.0,0.0,0.0,
01127021100,Walker County,Walker County,0,3186,0.0,3.74,1,24.5,49834.0,1808.0,608,796,124.0,319.0,0.0,0,0.0,0,0,0.0,0.0,0.0,0.0,0.0,0.0,0.0,0.0,
01127021400,Walker County,Walker County,0,3599,0.0,0.0,1,21.7,75929.0,1842.0,734,740,47.0,205.0,0.0,0,0.0,0,0,0.0,0.0,0.0,0.0,0.0,0.0,0.0,0.0,
01127021700,Walker County,Walker County,0,4490,0.0,0.0,0,16.8,78315.0,3695.0,983,873,62.0,204.0,0.0,0,0.0,0,0,0.0,0.0,0.0,0.0,0.0,0.0,0.0,0.0,
01127021800,Walker County,Walker County,0,3444,0.0,0.2,1,18.9,60426.0,1518.0,729,666,47.0,187.0,0.0,0,0.0,0,0,0.0,0.0,0.0,0.0,0.0,0.0,0.0,0.0,
01133965700,Winston County,Winston County,0,4693,0.0,1.85,0,19.4,67500.0,1870.0,1070,1026,46.0,214.0,0.0,0,0.0,0,0,0.0,0.0,0.0,0.0,0.0,0.0,0.0,0.0,
01003011416,Baldwin County,Baldwin County,0,1714,0.0,0.0,0,11.1,117708.0,1265.0,189,567,61.0,16.0,0.0,2,1.0,0,1,0.0,0.0,0.11668611435239207,0.07905138339920949,0.0,0.1763668430335097,0.0,0.0,
01011952202,Bullock County,Bullock County,0,4341,0.0,38.72,1,38.7,32411.0,387.0,701,626,72.0,416.0,0.0,6,1.0,1,1,0.0,1.0,0.138217000691085,0.25839793281653745,0.14265335235378032,0.1597444089456869,0.0,0.2403846153846154,
01015000500,Calhoun County,Calhoun County,1,1097,0.0,0.0,1,42.2,30500.0,258.0,223,213,134.0,174.0,0.0,4,1.0,1,1,1.0,1.0,0.3646308113035551,0.3875968992248062,0.4484304932735426,0.4694835680751174,0.746268656716418,0.5747126436781609,
01017954300,Chambers County,Chambers County,0,5637,0.0,2.0,0,13.2,92583.0,3102.0,1086,993,91.0,294.0,0.0,1,1.0,0,0,0.0,0.0,0.017739932588256166,0.032237266279819474,0.0,0.0,0.0,0.0,
01019956000,Cherokee County,Cherokee County,0,4053,0.0,7.23,1,11.1,64651.0,2599.0,655,1238,51.0,158.0,0.0,1,1.0,0,0,0.0,0.0,0.02467308166790032,0.038476337052712584,0.0,0.0,0.0,0.0,
01021060200,Chilton County,Chilton County,0,2751,0.0,0.0,0,9.3,92828.0,2637.0,585,525,24.0,71.0,0.0,1,1.0,0,0,0.0,0.0,0.03635041802980734,0.037921880925293895,0.0,0.0,0.0,0.0,
01031010300,Coffee County,Coffee County,0,5151,0.0,2.93,0,14.5,87237.0,3390.0,1158,934,58.0,113.0,0.0,2,1.0,0,0,0.0,0.0,0.03882741215298,0.029498525073746312,0.0,0.0,0.0,0.0,
01037961000,Coosa County,Coosa County,0,3697,0.0,7.87,1,22.8,56020.0,1285.0,695,761,155.0,236.0,0.0,3,1.0,1,1,0.0,0.0,0.08114687584527995,0.07782101167315175,0.14388489208633093,0.1314060446780552,0.0,0.0,
01039962800,Covington County,Covington County,0,1693,0.0,0.0,1,16.3,54375.0,833.0,364,355,13.0,67.0,0.0,2,1.0,0,0,0.0,0.0,0.11813349084465447,0.12004801920768307,0.0,0.0,0.0,0.0,
01043964500,Cullman County,Cullman County,0,4629,0.0,0.0,0,16.9,67080.0,3148.0,1115,750,13.0,178.0,0.0,1,1.0,0,0,0.0,0.0,0.02160293799956794,0.03176620076238882,0.0,0.0,0.0,0.0,
01047956202,Dallas County,Dallas County,0,2251,0.0,0.0,1,39.0,70956.0,962.0,503,426,118.0,169.0,0.0,2,1.0,1,0,0.0,0.0,0.0888494002665482,0.10395010395010396,0.1988071570576541,0.0,0.0,0.0,
01047956600,Dallas County,Dallas County,1,2787,0.0,0.07,1,50.2,14713.0,772.0,685,494,142.0,378.0,0.0,3,1.0,1,0,0.0,0.0,0.10764262648008611,0.12953367875647667,0.145985401459854,0.0,0.0,0.0,
01049960101,DeKalb County,DeKalb County,0,1847,0.0,0.0,1,32.2,69250.0,1053.0,364,374,17.0,175.0,0.0,1,1.0,0,0,0.0,0.0,0.05414185165132648,0.0949667616334283,0.0,0.0,0.0,0.0,
01049960602,DeKalb County,DeKalb County,0,4855,0.0,0.0,1,19.1,61013.0,2485.0,1252,802,74.0,264.0,0.0,1,1.0,0,0,0.0,0.0,0.02059732234809475,0.04024144869215292,0.0,0.0,0.0,0.0,
01051030101,Elmore County,Elmore County,0,3711,0.0,0.0,0,5.0,97507.0,2781.0,913,619,0.0,176.0,0.0,1,1.0,0,0,0.0,0.0,0.026946914578280787,0.03595828838547285,0.0,0.0,,0.0,
01071950302,Jackson County,Jackson County,0,3089,0.0,2.88,1,35.1,45938.0,1103.0,741,627,124.0,133.0,0.0,2,1.0,1,0,0.0,0.0,0.06474587245063128,0.09066183136899365,0.1349527665317139,0.0,0.0,0.0,
01073001902,Jefferson County,Jefferson County,1,1522,0.0,0.0,1,24.9,47552.0,596.0,327,214,43.0,228.0,0.0,2,1.0,0,0,0.0,0.0,0.1314060446780552,0.16778523489932887,0.0,0.0,0.0,0.0,
01073002401,Jefferson County,Jefferson County,1,2693,0.0,4.05,0,16.3,101474.0,1644.0,237,323,213.0,138.0,0.0,1,1.0,0,0,0.0,0.0,0.03713330857779428,0.06082725060827251,0.0,0.0,0.0,0.0,
01073002702,Jefferson County,Jefferson County,1,2034,0.0,32.5,1,35.0,36875.0,509.0,297,318,338.0,316.0,0.0,4,1.0,1,1,1.0,1.0,0.19665683382497542,0.19646365422396855,0.3367003367003367,0.31446540880503143,0.2958579881656805,0.31645569620253167,
01073003400,Jefferson County,Jefferson County,1,1955,0.0,0.15,1,37.3,,825.0,401,339,82.0,377.0,0.0,3,1.0,1,0,0.0,1.0,0.1534526854219949,0.12121212121212122,0.24937655860349128,0.0,0.0,0.26525198938992045,
01073004000,Jefferson County,Jefferson County,1,2984,0.0,11.43,1,48.7,36864.0,936.0,533,809,519.0,652.0,0.0,4,1.0,1,1,1.0,1.0,0.13404825737265416,0.10683760683760683,0.18761726078799248,0.12360939431396786,0.1926782273603083,0.15337423312883436,
01073014002,Jefferson County,Jefferson County,0,3510,0.0,0.0,0,9.5,81875.0,2233.0,633,827,17.0,143.0,0.0,1,1.0,0,0,0.0,0.0,0.02849002849002849,0.04478280340349306,0.0,0.0,0.0,0.0,
01077010300,Lauderdale County,Lauderdale County,1,1250,0.0,0.0,1,61.8,27652.0,196.0,372,174,174.0,292.0,0.0,9,1.0,3,1,1.0,2.0,0.72,0.5102040816326531,0.8064516129032258,0.5747126436781609,0.5747126436781609,0.684931506849315,
01077011605,Lauderdale County,Lauderdale County,0,2713,0.0,0.0,0,4.7,113545.0,2210.0,525,611,52.0,67.0,0.0,1,1.0,0,0,0.0,0.0,0.036859565057132324,0.04524886877828054,0.0,0.0,0.0,0.0,
01077011802,Lauderdale County,Lauderdale County,0,3739,0.0,0.8,0,4.6,80543.0,3313.0,717,862,50.0,78.0,0.0,1,1.0,0,0,0.0,0.0,0.026745119015779622,0.03018412315122246,0.0,0.0,0.0,0.0,
01079979100,Lawrence County,Lawrence County,0,1523,0.0,0.0,0,15.3,69773.0,1105.0,265,339,2.0,99.0,0.0,2,1.0,0,0,0.0,0.0,0.1313197636244255,0.09049773755656108,0.0,0.0,0.0,0.0,
01083020300,Limestone County,Limestone County,0,3800,0.0,0.0,1,21.2,99881.0,2337.0,796,722,36.0,162.0,0.0,2,1.0,0,0,0.0,0.0,0.05263157894736842,0.04278990158322636,0.0,0.0,0.0,0.0,
01083021101,Limestone County,Limestone County,0,3408,0.0,0.0,0,10.7,102949.0,3182.0,706,611,86.0,259.0,0.0,1,1.0,0,0,0.0,0.0,0.029342723004694836,0.03142677561282212,0.0,0.0,0.0,0.0,
01097007600,Mobile County,Mobile County,1,1972,0.0,5.68,1,50.0,30608.0,457.0,483,389,87.0,149.0,0.0,3,1.0,1,1,0.0,0.0,0.15212981744421908,0.2188183807439825,0.2070393374741201,0.2570694087403599,0.0,0.0,
01115040210,St. Clair County,St. Clair County,0,3585,0.0,0.0,0,10.2,115353.0,2716.0,701,867,0.0,33.0,0.0,1,1.0,0,0,0.0,0.0,0.02789400278940028,0.036818851251840944,0.0,0.0,,0.0,
01121011502,Talladega County,Talladega County,0,3036,0.0,0.0,1,25.9,72419.0,1742.0,627,613,34.0,81.0,0.0,2,1.0,0,0,0.0,0.0,0.06587615283267458,0.0574052812858783,0.0,0.0,0.0,0.0,
01123962301,Tallapoosa County,Tallapoosa County,0,2613,0.0,6.2,1,35.4,,1314.0,508,633,30.0,242.0,0.0,2,1.0,0,1,0.0,0.0,0.07654037504783773,0.076103500761035,0.0,0.1579778830963665,0.0,0.0,
01123962702,Tallapoosa County,Tallapoosa County,0,4037,0.0,0.0,0,13.9,66689.0,2621.0,943,700,6.0,227.0,0.0,1,1.0,0,0,0.0,0.0,0.02477086945751796,0.03815337657382678,0.0,0.0,0.0,0.0,
01133965503,Winston County,Winston County,0,2633,0.0,0.0,1,22.1,69182.0,1491.0,498,602,24.0,206.0,0.0,2,1.0,0,0,0.0,0.0,0.0759589821496392,0.0670690811535882,0.0,0.0,0.0,0.0,
01001020801,Autauga County,Autauga County,0,3143,0.0,0.0,0,7.4,104188.0,2696.0,766,516,0.0,163.0,0.0,2,2.0,0,0,0.0,0.0,0.06363347120585428,0.07418397626112759,0.0,0.0,,0.0,
01009050105,Blount County,Blount County,0,5525,0.0,6.81,1,21.8,66989.0,3016.0,1265,1382,141.0,319.0,0.0,4,2.0,1,1,0.0,0.0,0.07239819004524888,0.06631299734748011,0.07905138339920949,0.0723589001447178,0.0,0.0,
01021060702,Chilton County,Chilton County,0,2634,0.0,0.0,1,16.8,65605.0,1812.0,566,515,75.0,161.0,0.0,3,2.0,1,1,0.0,0.0,0.11389521640091116,0.11037527593818984,0.17667844522968199,0.1941747572815534,0.0,0.0,
01025957603,Clarke County,Clarke County,0,2111,0.0,0.09,1,24.4,69044.0,1175.0,403,450,49.0,177.0,0.0,3,2.0,1,1,0.0,0.0,0.14211274277593558,0.1702127659574468,0.24813895781637718,0.2222222222222222,0.0,0.0,
01055000600,Etowah County,Etowah County,1,1813,0.0,0.0,1,24.6,44243.0,366.0,414,295,37.0,139.0,0.0,8,2.0,2,1,0.0,1.0,0.441257584114727,0.546448087431694,0.4830917874396135,0.3389830508474576,0.0,0.7194244604316546,
01055011200,Etowah County,Etowah County,1,2703,0.0,1.04,1,32.6,42411.0,750.0,730,343,112.0,443.0,0.0,6,2.0,2,1,0.0,1.0,0.22197558268590456,0.26666666666666666,0.273972602739726,0.2915451895043732,0.0,0.22573363431151242,
01059973703,Franklin County,Franklin County,0,3076,0.0,0.0,1,19.7,52057.0,2039.0,709,544,260.0,213.0,0.0,3,2.0,1,1,0.0,0.0,0.09752925877763328,0.0980872976949485,0.14104372355430184,0.18382352941176472,0.0,0.0,
01067030400,Henry County,Henry County,0,1796,0.0,0.0,0,17.7,88750.0,1092.0,369,427,36.0,84.0,0.0,3,2.0,1,1,0.0,0.0,0.16703786191536749,0.18315018315018314,0.27100271002710025,0.234192037470726,0.0,0.0,
01069040700,Houston County,Houston County,1,2638,0.0,0.0,1,25.9,44977.0,1412.0,682,400,32.0,349.0,0.0,5,2.0,1,1,0.0,1.0,0.18953752843062927,0.141643059490085,0.1466275659824047,0.25,0.0,0.28653295128939826,
01071950901,Jackson County,Jackson County,0,1692,0.0,0.0,0,5.8,74000.0,1242.0,323,372,38.0,135.0,0.0,2,2.0,0,0,0.0,0.0,0.1182033096926714,0.1610305958132045,0.0,0.0,0.0,0.0,
01073001600,Jefferson County,Jefferson County,1,2661,0.0,17.06,1,32.1,69712.0,686.0,434,593,131.0,394.0,0.0,8,2.0,1,2,0.0,1.0,0.3006388575723412,0.2915451895043732,0.2304147465437788,0.3372681281618887,0.0,0.25380710659898476,
01073011206,Jefferson County,Jefferson County,0,5413,0.0,0.0,0,1.2,108694.0,4965.0,1069,1003,14.0,203.0,0.0,2,2.0,0,0,0.0,0.0,0.03694808793644929,0.04028197381671702,0.0,0.0,0.0,0.0,
01073014001,Jefferson County,Jefferson County,0,3864,0.0,0.0,0,7.7,77031.0,2460.0,798,755,42.0,118.0,0.0,3,2.0,1,1,0.0,0.0,0.07763975155279502,0.08130081300813008,0.12531328320802004,0.13245033112582782,0.0,0.0,
01077011503,Lauderdale County,Lauderdale County,0,3013,0.0,0.0,0,2.4,114844.0,2618.0,485,900,42.0,0.0,0.0,2,2.0,0,1,0.0,0.0,0.06637902422834384,0.07639419404125286,0.0,0.1111111111111111,0.0,,
01081041803,Lee County,Lee County,0,2649,0.0,0.0,0,10.8,86287.0,2770.0,551,510,90.0,112.0,0.0,2,2.0,0,0,0.0,0.0,0.07550018875047187,0.07220216606498195,0.0,0.0,0.0,0.0,
01083020404,Limestone County,Limestone County,0,3047,0.0,0.0,0,17.1,100851.0,2364.0,603,606,190.0,130.0,0.0,3,2.0,1,1,0.0,0.0,0.09845749917952085,0.08460236886632826,0.16583747927031509,0.16501650165016502,0.0,0.0,
01097002502,Mobile County,Mobile County,1,2542,0.0,14.0,0,10.8,109205.0,1607.0,402,699,24.0,115.0,0.0,3,2.0,1,1,0.0,0.0,0.11801730920535011,0.12445550715619166,0.24875621890547264,0.1430615164520744,0.0,0.0,
01097003607,Mobile County,Mobile County,1,3662,0.0,0.0,0,15.0,81375.0,1691.0,841,481,156.0,243.0,0.0,3,2.0,1,0,0.0,0.0,0.0819224467504096,0.11827321111768184,0.11890606420927467,0.0,0.0,0.0,
01097007000,Mobile County,Mobile County,0,4621,0.0,0.0,0,14.4,100014.0,3405.0,854,972,23.0,194.0,0.0,2,2.0,0,0,0.0,0.0,0.04328067517853278,0.05873715124816446,0.0,0.0,0.0,0.0,
01107050100,Pickens County,Pickens County,0,3172,0.0,2.05,1,28.8,55625.0,1653.0,626,748,101.0,328.0,0.0,4,2.0,1,1,0.0,0.0,0.12610340479192939,0.12099213551119177,0.1597444089456869,0.13368983957219252,0.0,0.0,
01111000300,Randolph County,Randolph County,0,4090,0.0,1.59,0,14.0,87470.0,3014.0,729,1059,91.0,200.0,0.0,3,2.0,1,1,0.0,0.0,0.07334963325183375,0.06635700066357,0.13717421124828533,0.09442870632672333,0.0,0.0,
01115040206,St. Clair County,St. Clair County,0,2772,0.0,0.0,1,9.5,72596.0,2415.0,576,455,43.0,159.0,0.0,3,2.0,1,0,0.0,0.0,0.10822510822510822,0.08281573498964803,0.1736111111111111,0.0,0.0,0.0,
01115040207,St. Clair County,St. Clair County,0,3381,0.0,6.33,0,14.7,74429.0,1912.0,773,730,70.0,130.0,0.0,3,2.0,1,1,0.0,0.0,0.08873114463176575,0.10460251046025104,0.129366106080207,0.136986301369863,0.0,0.0,
01125010104,Tuscaloosa County,Tuscaloosa County,0,3716,0.0,0.0,0,12.3,98297.0,2409.0,905,554,0.0,147.0,0.0,4,2.0,1,1,0.0,0.0,0.10764262648008611,0.08302200083022,0.11049723756906077,0.18050541516245489,,0.0,
01015002600,Calhoun County,Calhoun County,0,4664,0.0,0.0,0,13.0,74515.0,2983.0,973,891,13.0,114.0,0.0,4,3.0,1,1,0.0,0.0,0.08576329331046312,0.10056989607777406,0.10277492291880781,0.1122334455667789,0.0,0.0,
01017953900,Chambers County,Chambers County,0,3292,0.0,9.99,1,25.4,52344.0,1442.0,694,678,98.0,200.0,0.0,8,3.0,2,2,0.0,0.0,0.24301336573511542,0.20804438280166435,0.2881844380403458,0.2949852507374631,0.0,0.0,
01019956102,Cherokee County,Cherokee County,0,2578,0.0,0.0,1,17.7,64800.0,1375.0,447,627,42.0,190.0,0.0,5,3.0,1,1,0.0,0.0,0.1939487975174554,0.21818181818181817,0.22371364653243847,0.1594896331738437,0.0,0.0,
01025957604,Clarke County,Clarke County,0,2688,0.0,6.44,1,15.9,64625.0,1287.0,628,596,59.0,167.0,0.0,7,3.0,2,2,0.0,0.0,0.2604166666666667,0.2331002331002331,0.3184713375796178,0.33557046979865773,0.0,0.0,
01043965402,Cullman County,Cullman County,0,4556,0.0,0.4,1,12.8,58354.0,2586.0,1044,794,6.0,231.0,0.0,5,3.0,1,1,0.0,0.0,0.10974539069359086,0.11600928074245939,0.09578544061302682,0.12594458438287154,0.0,0.0,
01043965600,Cullman County,Cullman County,0,2455,0.0,0.0,0,11.1,80366.0,1900.0,421,672,96.0,77.0,0.0,4,3.0,1,1,0.0,0.0,0.1629327902240326,0.15789473684210525,0.2375296912114014,0.1488095238095238,0.0,0.0,
01045020200,Dale County,Dale County,0,2186,0.0,0.0,0,10.6,78056.0,1546.0,471,474,18.0,98.0,0.0,4,3.0,1,1,0.0,0.0,0.18298261665141813,0.19404915912031048,0.21231422505307856,0.2109704641350211,0.0,0.0,
01053970300,Escambia County,Escambia County,0,3748,0.0,0.0,1,22.7,69650.0,1741.0,907,690,77.0,241.0,0.0,6,3.0,2,1,0.0,0.0,0.16008537886872998,0.1723147616312464,0.2205071664829107,0.14492753623188406,0.0,0.0,
01061050100,Geneva County,Geneva County,0,4890,0.0,0.65,1,19.5,63971.0,2535.0,1134,1045,117.0,411.0,0.0,7,3.0,2,1,0.0,1.0,0.14314928425357873,0.11834319526627218,0.1763668430335097,0.09569377990430622,0.0,0.24330900243309003,
01061050400,Geneva County,Geneva County,0,6004,0.0,1.57,0,10.6,73409.0,3451.0,1293,1299,169.0,434.0,0.0,4,3.0,1,1,0.0,0.0,0.06662225183211193,0.08693132425383947,0.07733952049497293,0.07698229407236336,0.0,0.0,
01069042000,Houston County,Houston County,0,5197,0.0,0.25,1,20.7,62949.0,2975.0,1028,1160,121.0,300.0,0.0,5,3.0,1,1,0.0,0.0,0.09620935154897056,0.10084033613445378,0.09727626459143969,0.08620689655172414,0.0,0.0,
01073001500,Jefferson County,Jefferson County,1,2452,0.0,4.32,1,21.6,54870.0,832.0,445,377,220.0,363.0,0.0,10,3.0,2,2,1.0,1.0,0.4078303425774878,0.3605769230769231,0.449438202247191,0.5305039787798409,0.45454545454545453,0.27548209366391185,
01073003300,Jefferson County,Jefferson County,1,754,0.0,0.0,1,14.8,54649.0,409.0,160,142,104.0,51.0,0.0,6,3.0,1,1,1.0,0.0,0.7957559681697612,0.7334963325183375,0.625,0.704225352112676,0.9615384615384616,0.0,
01073010200,Jefferson County,Jefferson County,1,2285,0.0,2.36,1,36.7,34433.0,875.0,497,351,87.0,359.0,0.0,9,3.0,2,1,0.0,1.0,0.3938730853391685,0.34285714285714286,0.4024144869215292,0.2849002849002849,0.0,0.2785515320334262,
01073011402,Jefferson County,Jefferson County,0,4178,0.0,0.0,0,6.4,88983.0,3268.0,1005,744,72.0,176.0,0.0,4,3.0,1,1,0.0,0.0,0.09573958831977022,0.09179926560587515,0.09950248756218906,0.13440860215053763,0.0,0.0,
01087231500,Macon County,Macon County,0,3054,0.0,0.29,1,32.6,62941.0,1056.0,619,642,100.0,291.0,0.0,10,3.0,2,2,0.0,1.0,0.3274394237066143,0.2840909090909091,0.32310177705977383,0.3115264797507788,0.0,0.3436426116838488,
01089000701,Madison County,Madison County,1,3167,0.0,0.6,1,29.0,61818.0,1453.0,824,423,139.0,364.0,0.0,6,3.0,2,1,0.0,1.0,0.1894537417113988,0.20646937370956642,0.24271844660194175,0.2364066193853428,0.0,0.27472527472527475,
01097006304,Mobile County,Mobile County,0,4462,0.0,0.0,0,9.9,80833.0,2775.0,1188,570,72.0,237.0,0.0,5,3.0,1,1,0.0,0.0,0.11205737337516809,0.10810810810810811,0.08417508417508418,0.17543859649122806,0.0,0.0,
01097006600,Mobile County,Mobile County,0,5294,0.0,1.32,1,9.6,66411.0,3110.0,1238,998,79.0,116.0,0.0,5,3.0,1,1,0.0,0.0,0.09444654325651682,0.09646302250803858,0.08077544426494346,0.10020040080160321,0.0,0.0,
01113031000,Russell County,Russell County,0,3857,0.0,0.0,0,7.4,84962.0,2771.0,751,836,60.0,179.0,0.0,4,3.0,1,1,0.0,0.0,0.10370754472387866,0.10826416456153014,0.13315579227696406,0.11961722488038277,0.0,0.0,
01115040508,St. Clair County,St. Clair County,0,1857,0.0,0.0,1,25.5,,838.0,475,273,23.0,143.0,0.0,7,3.0,2,1,0.0,1.0,0.3769520732364028,0.35799522673031026,0.42105263157894735,0.3663003663003663,0.0,0.6993006993006993,
01117030348,Shelby County,Shelby County,0,4763,0.0,0.0,0,6.4,164236.0,4616.0,1138,703,68.0,39.0,0.0,3,3.0,1,0,0.0,0.0,0.06298551333193365,0.06499133448873484,0.08787346221441125,0.0,0.0,0.0,
01117030704,Shelby County,Shelby County,0,3875,0.0,0.0,0,17.1,89375.0,2701.0,660,936,32.0,121.0,0.0,4,3.0,1,1,0.0,0.0,0.1032258064516129,0.11106997408367271,0.15151515151515152,0.10683760683760683,0.0,0.0,
01117030800,Shelby County,Shelby County,0,4235,0.0,0.0,0,10.5,104097.0,3464.0,888,888,91.0,205.0,0.0,4,3.0,1,1,0.0,0.0,0.09445100354191263,0.08660508083140878,0.11261261261261261,0.11261261261261261,0.0,0.0,
01121010201,Talladega County,Talladega County,0,3996,0.0,0.0,0,11.8,85506.0,2943.0,933,601,98.0,304.0,0.0,4,3.0,1,1,0.0,0.0,0.1001001001001001,0.1019367991845056,0.10718113612004287,0.16638935108153077,0.0,0.0,
01123962501,Tallapoosa County,Tallapoosa County,0,4285,0.0,0.0,0,10.6,90188.0,3190.0,639,1225,71.0,190.0,0.0,4,3.0,1,1,0.0,0.0,0.09334889148191365,0.09404388714733543,0.1564945226917058,0.08163265306122448,0.0,0.0,
01125011600,Tuscaloosa County,Tuscaloosa County,1,3341,0.0,19.16,1,24.8,88229.0,1711.0,331,327,128.0,171.0,0.0,6,3.0,1,1,0.0,0.0,0.17958695001496558,0.17533606078316774,0.3021148036253776,0.3058103975535168,0.0,0.0,
01133965800,Winston County,Winston County,0,4057,0.0,0.25,1,17.3,63125.0,1868.0,897,750,140.0,235.0,0.0,7,3.0,2,1,0.0,0.0,0.1725412866650234,0.16059957173447537,0.2229654403567447,0.13333333333333333,0.0,0.0,
01003011601,Baldwin County,Baldwin County,0,7517,0.0,0.29,0,14.4,103750.0,4445.0,1622,1562,126.0,333.0,0.0,7,4.0,2,1,0.0,0.0,0.0931222562192364,0.08998875140607424,0.12330456226880394,0.06402048655569782,0.0,0.0,
01007010009,Bibb County,Bibb County,0,2475,0.0,13.9,1,57.5,,782.0,580,322,122.0,445.0,0.0,11,4.0,3,1,1.0,2.0,0.4444444444444444,0.5115089514066496,0.5172413793103449,0.3105590062111801,0.819672131147541,0.449438202247191,
01013953300,Butler County,Butler County,0,1712,0.0,4.21,1,22.6,48750.0,833.0,309,458,16.0,140.0,0.0,8,4.0,2,2,0.0,1.0,0.4672897196261682,0.4801920768307323,0.6472491909385113,0.4366812227074236,0.0,0.7142857142857143,
01015002002,Calhoun County,Calhoun County,0,4763,0.0,0.0,0,7.1,89728.0,3587.0,1176,779,15.0,90.0,0.0,5,4.0,1,1,0.0,0.0,0.10497585555322275,0.1115137998327293,0.08503401360544217,0.12836970474967907,0.0,0.0,
01021060500,Chilton County,Chilton County,0,2995,0.0,0.0,1,19.8,72371.0,2086.0,658,539,36.0,278.0,0.0,5,4.0,1,1,0.0,1.0,0.1669449081803005,0.19175455417066156,0.1519756838905775,0.18552875695732837,0.0,0.3597122302158273,
01033020801,Colbert County,Colbert County,0,4182,0.0,0.0,0,12.1,88393.0,3054.0,776,996,69.0,149.0,0.0,5,4.0,1,1,0.0,0.0,0.11956001912960305,0.13097576948264572,0.12886597938144329,0.10040160642570281,0.0,0.0,
01063060101,Greene County,Greene County,0,2068,0.0,0.48,1,44.3,38429.0,402.0,574,337,202.0,317.0,0.0,22,4.0,6,4,2.0,3.0,1.0638297872340425,0.9950248756218906,1.0452961672473868,1.1869436201780414,0.9900990099009901,0.9463722397476341,
01069041200,Houston County,Houston County,1,2294,0.0,6.84,1,51.2,30603.0,471.0,566,501,356.0,509.0,0.0,19,4.0,5,4,3.0,4.0,0.8282476024411508,0.8492569002123143,0.8833922261484098,0.7984031936127745,0.8426966292134831,0.7858546168958742,
01083021203,Limestone County,Limestone County,0,5834,0.0,0.0,0,4.9,144338.0,5583.0,1661,483,0.0,105.0,0.0,5,4.0,1,0,0.0,0.0,0.08570449091532396,0.07164606842199535,0.060204695966285374,0.0,,0.0,
01089001301,Madison County,Madison County,1,3574,0.0,2.01,1,25.3,44242.0,1608.0,662,229,203.0,208.0,0.0,8,4.0,2,1,0.0,0.0,0.2238388360380526,0.24875621890547264,0.3021148036253776,0.4366812227074236,0.0,0.0,
01089002200,Madison County,Madison County,1,2161,0.0,9.67,1,33.8,35469.0,723.0,432,376,75.0,197.0,0.0,13,4.0,3,2,0.0,1.0,0.6015733456732995,0.5532503457814661,0.6944444444444444,0.5319148936170213,0.0,0.5076142131979695,
01093964401,Marion County,Marion County,0,3713,0.0,11.93,0,15.2,81432.0,2219.0,716,747,76.0,144.0,0.0,7,4.0,1,1,0.0,0.0,0.18852679773767841,0.18026137899954936,0.13966480446927373,0.13386880856760375,0.0,0.0,
01101006000,Montgomery County,Montgomery County,0,3209,0.0,0.41,1,25.2,63300.0,1593.0,620,701,119.0,288.0,0.0,8,4.0,2,2,0.0,1.0,0.24929884699283267,0.25109855618330196,0.3225806451612903,0.28530670470756064,0.0,0.3472222222222222,
01111000200,Randolph County,Randolph County,0,3439,0.0,0.0,1,27.5,85813.0,2475.0,713,676,4.0,341.0,0.0,6,4.0,1,1,0.0,1.0,0.17446932247746438,0.16161616161616163,0.1402524544179523,0.14792899408284024,0.0,0.2932551319648094,
01111000500,Randolph County,Randolph County,0,4467,0.0,1.19,0,19.0,67652.0,2048.0,997,849,209.0,473.0,0.0,8,4.0,2,1,0.0,1.0,0.17909111260353705,0.1953125,0.20060180541624875,0.11778563015312132,0.0,0.21141649048625794,
01117030502,Shelby County,Shelby County,0,3249,0.0,0.0,0,3.0,137500.0,3266.0,862,419,29.0,54.0,0.0,4,4.0,1,0,0.0,0.0,0.12311480455524777,0.1224739742804654,0.11600928074245939,0.0,0.0,0.0,
01117030615,Shelby County,Shelby County,0,6484,0.0,0.0,0,7.0,180450.0,5892.0,1571,1045,0.0,84.0,0.0,5,4.0,1,1,0.0,0.0,0.07711289327575571,0.06788866259334692,0.06365372374283895,0.09569377990430622,,0.0,
01121011501,Talladega County,Talladega County,0,2660,0.0,0.0,0,9.6,112431.0,2287.0,547,548,68.0,77.0,0.0,4,4.0,1,1,0.0,0.0,0.15037593984962405,0.17490161783996502,0.18281535648994515,0.18248175182481752,0.0,0.0,
01123962302,Tallapoosa County,Tallapoosa County,0,3677,0.0,3.51,0,16.8,77946.0,1874.0,738,868,117.0,191.0,0.0,8,4.0,2,2,0.0,0.0,0.21756867011150394,0.21344717182497333,0.27100271002710025,0.2304147465437788,0.0,0.0,
01127021500,Walker County,Walker County,0,2919,0.0,4.01,1,29.8,47356.0,1468.0,569,690,53.0,288.0,0.0,9,4.0,2,2,0.0,1.0,0.30832476875642345,0.2724795640326976,0.351493848857645,0.2898550724637681,0.0,0.3472222222222222,
01131034802,Wilcox County,Wilcox County,0,2591,0.0,4.94,1,28.3,52455.0,1340.0,501,586,119.0,265.0,0.0,9,4.0,2,2,0.0,1.0,0.34735623311462754,0.29850746268656714,0.3992015968063872,0.3412969283276451,0.0,0.37735849056603776,
01033020705,Colbert County,Colbert County,0,1388,0.0,0.0,1,23.4,78906.0,832.0,277,311,20.0,63.0,0.0,8,5.0,2,2,0.0,0.0,0.5763688760806917,0.6009615384615384,0.7220216606498195,0.6430868167202572,0.0,0.0,
01039962300,Covington County,Covington County,0,3315,0.0,0.0,0,7.0,79152.0,2482.0,740,674,14.0,93.0,0.0,7,5.0,2,1,0.0,0.0,0.21116138763197587,0.20145044319097502,0.2702702702702703,0.14836795252225518,0.0,0.0,
01043965502,Cullman County,Cullman County,0,4423,0.0,0.0,0,12.9,83553.0,2875.0,886,918,53.0,114.0,0.0,8,5.0,2,2,0.0,0.0,0.18087271082975356,0.17391304347826086,0.22573363431151242,0.2178649237472767,0.0,0.0,
01047956201,Dallas County,Dallas County,0,2103,0.0,0.0,1,30.5,45489.0,1046.0,388,420,15.0,252.0,0.0,10,5.0,2,2,0.0,1.0,0.47551117451260105,0.4780114722753346,0.5154639175257731,0.47619047619047616,0.0,0.3968253968253968,
01053970100,Escambia County,Escambia County,0,4600,0.0,3.0,0,13.0,91813.0,3404.0,985,1218,123.0,198.0,0.0,7,5.0,2,2,0.0,0.0,0.15217391304347827,0.14688601645123384,0.20304568527918782,0.16420361247947454,0.0,0.0,
01055010602,Etowah County,Etowah County,0,4004,0.0,0.0,0,13.1,71087.0,2341.0,869,728,36.0,175.0,0.0,8,5.0,2,1,0.0,0.0,0.1998001998001998,0.21358393848782573,0.23014959723820483,0.13736263736263737,0.0,0.0,
01073000500,Jefferson County,Jefferson County,1,3037,0.0,0.16,1,56.4,16911.0,637.0,943,449,376.0,920.0,0.0,23,5.0,7,3,3.0,7.0,0.7573263088574251,0.7849293563579278,0.7423117709437964,0.6681514476614699,0.7978723404255319,0.7608695652173914,
01073003802,Jefferson County,Jefferson County,1,4607,0.0,0.0,1,23.2,63500.0,3003.0,981,858,129.0,562.0,0.0,7,5.0,1,1,0.0,1.0,0.15194269589754722,0.1665001665001665,0.1019367991845056,0.11655011655011654,0.0,0.17793594306049823,
01073005800,Jefferson County,Jefferson County,1,2803,0.0,0.36,1,17.7,60170.0,1787.0,322,363,202.0,278.0,0.0,8,5.0,1,1,1.0,1.0,0.28540849090260434,0.27979854504756574,0.3105590062111801,0.27548209366391185,0.49504950495049505,0.3597122302158273,
01073010301,Jefferson County,Jefferson County,1,2448,0.0,0.0,1,17.3,57321.0,1105.0,522,456,255.0,294.0,0.0,10,5.0,2,2,1.0,1.0,0.4084967320261438,0.45248868778280543,0.3831417624521073,0.43859649122807015,0.39215686274509803,0.3401360544217687,
01073011600,Jefferson County,Jefferson County,0,3863,0.0,0.0,0,16.9,118164.0,2924.0,876,665,170.0,295.0,0.0,6,5.0,1,1,0.0,0.0,0.15531969971524723,0.17099863201094392,0.1141552511415525,0.15037593984962405,0.0,0.0,
01073012200,Jefferson County,Jefferson County,0,4022,0.0,37.64,0,10.3,80724.0,1797.0,515,564,40.0,170.0,0.0,11,5.0,1,2,0.0,0.0,0.27349577324714075,0.27824151363383415,0.1941747572815534,0.3546099290780142,0.0,0.0,
01089002100,Madison County,Madison County,1,3182,0.0,1.73,1,30.6,,1135.0,891,310,385.0,371.0,0.0,14,5.0,4,1,2.0,2.0,0.43997485857950974,0.44052863436123346,0.4489337822671156,0.3225806451612903,0.5194805194805194,0.5390835579514824,
01097002900,Mobile County,Mobile County,1,4106,0.0,0.24,1,20.8,45302.0,1652.0,1061,510,193.0,450.0,0.0,12,5.0,3,2,1.0,1.0,0.2922552362396493,0.3026634382566586,0.2827521206409048,0.39215686274509803,0.5181347150259067,0.2222222222222222,
01097005800,Mobile County,Mobile County,0,4554,0.0,0.55,0,9.6,83519.0,2939.0,1005,915,38.0,240.0,0.0,8,5.0,2,2,0.0,0.0,0.1756697408871322,0.1701258931609391,0.19900497512437812,0.2185792349726776,0.0,0.0,
01109189001,Pike County,Pike County,0,3055,0.0,0.23,0,8.2,76984.0,1945.0,612,550,48.0,68.0,0.0,8,5.0,2,1,0.0,0.0,0.2618657937806874,0.2570694087403599,0.32679738562091504,0.18181818181818182,0.0,0.0,
01121010400,Talladega County,Talladega County,0,2775,0.0,0.0,1,24.1,61712.0,1314.0,545,622,261.0,279.0,0.0,10,5.0,2,2,1.0,1.0,0.36036036036036034,0.380517503805175,0.3669724770642202,0.3215434083601286,0.3831417624521073,0.35842293906810035,
01121011100,Talladega County,Talladega County,0,4532,0.0,0.0,0,9.1,76181.0,3021.0,861,897,59.0,368.0,0.0,7,5.0,1,1,0.0,1.0,0.15445719329214475,0.16550810989738496,0.11614401858304298,0.11148272017837235,0.0,0.2717391304347826,
01123962000,Tallapoosa County,Tallapoosa County,0,3988,0.0,0.0,1,14.3,64844.0,1418.0,982,745,57.0,215.0,0.0,14,5.0,3,3,0.0,1.0,0.3510531594784353,0.3526093088857546,0.3054989816700611,0.40268456375838924,0.0,0.46511627906976744,
01003010300,Baldwin County,Baldwin County,0,8380,0.0,5.36,0,7.7,104539.0,5578.0,1786,1598,61.0,300.0,0.0,8,6.0,2,2,0.0,0.0,0.0954653937947494,0.10756543564001435,0.11198208286674133,0.1251564455569462,0.0,0.0,
01003011300,Baldwin County,Baldwin County,0,5170,0.0,0.0,0,18.6,95766.0,3457.0,941,1409,38.0,14.0,0.0,9,6.0,2,2,0.0,0.0,0.17408123791102514,0.17356089094590685,0.21253985122210414,0.14194464158977999,0.0,0.0,
01051031200,Elmore County,Elmore County,0,1781,0.0,0.0,1,31.4,60875.0,738.0,407,317,37.0,59.0,0.0,13,6.0,3,2,0.0,0.0,0.7299270072992701,0.8130081300813008,0.7371007371007371,0.6309148264984227,0.0,0.0,
01053969802,Escambia County,Escambia County,0,4099,0.0,0.0,1,30.1,43974.0,1383.0,980,764,78.0,456.0,0.0,18,6.0,4,3,0.0,2.0,0.43913149548670405,0.43383947939262474,0.40816326530612246,0.39267015706806285,0.0,0.43859649122807015,
01055011100,Etowah County,Etowah County,0,5401,0.0,0.8,1,29.0,56452.0,2460.0,1289,961,140.0,391.0,0.0,13,6.0,3,2,0.0,1.0,0.24069616737641178,0.24390243902439024,0.23273855702094648,0.2081165452653486,0.0,0.2557544757033248,
01065040300,Hale County,Hale County,0,1946,0.0,0.0,1,37.9,37267.0,722.0,400,338,160.0,309.0,0.0,16,6.0,3,3,1.0,3.0,0.8221993833504625,0.8310249307479224,0.75,0.8875739644970414,0.625,0.970873786407767,
01071951101,Jackson County,Jackson County,0,4295,0.0,2.7,0,9.3,75777.0,3295.0,869,850,57.0,225.0,0.0,7,6.0,2,1,0.0,0.0,0.1629802095459837,0.18209408194233687,0.23014959723820483,0.11764705882352941,0.0,0.0,
01077010700,Lauderdale County,Lauderdale County,1,1582,0.0,2.02,1,27.8,41250.0,719.0,461,185,32.0,229.0,0.0,14,6.0,4,2,0.0,2.0,0.8849557522123894,0.8344923504867872,0.8676789587852495,1.0810810810810811,0.0,0.8733624454148472,
01081040700,Lee County,Lee County,1,5173,1.0,84.4,1,72.9,84097.0,154.0,66,15,0.0,0.0,0.0,197,6.0,3,1,0.0,0.0,3.8082350666924416,3.896103896103896,4.545454545454546,6.666666666666667,,,
01097004900,Mobile County,Mobile County,1,2985,0.0,0.0,1,38.7,31662.0,835.0,790,610,142.0,346.0,0.0,22,6.0,6,4,1.0,3.0,0.7370184254606366,0.718562874251497,0.759493670886076,0.6557377049180327,0.704225352112676,0.8670520231213873,
01101001000,Montgomery County,Montgomery County,1,1200,0.0,10.08,1,45.0,37063.0,232.0,359,139,109.0,161.0,0.0,30,6.0,9,3,3.0,4.0,2.5,2.586206896551724,2.5069637883008355,2.158273381294964,2.7522935779816513,2.484472049689441,
01101002400,Montgomery County,Montgomery County,1,1758,0.0,1.14,1,44.0,41250.0,502.0,360,355,100.0,245.0,0.0,22,6.0,4,4,1.0,3.0,1.2514220705346986,1.1952191235059761,1.1111111111111112,1.1267605633802817,1.0,1.2244897959183674,
01101005101,Montgomery County,Montgomery County,0,3604,0.0,9.3,1,5.3,57607.0,2057.0,762,425,34.0,237.0,0.0,10,6.0,2,1,0.0,1.0,0.27746947835738067,0.2916869227029655,0.26246719160104987,0.23529411764705882,0.0,0.4219409282700422,
01109188900,Pike County,Pike County,0,4266,0.0,1.52,1,20.1,112426.0,1998.0,924,586,45.0,216.0,0.0,13,6.0,3,2,0.0,1.0,0.30473511486169713,0.3003003003003003,0.3246753246753247,0.3412969283276451,0.0,0.46296296296296297,
01121011200,Talladega County,Talladega County,0,2590,0.0,16.37,1,15.4,59712.0,1012.0,345,509,0.0,119.0,0.0,16,6.0,2,3,0.0,1.0,0.6177606177606177,0.5928853754940712,0.5797101449275363,0.5893909626719057,,0.8403361344537815,
01127021200,Walker County,Walker County,0,3100,0.0,0.74,0,9.3,104087.0,2553.0,615,645,38.0,49.0,0.0,7,6.0,1,1,0.0,0.0,0.22580645161290322,0.23501762632197415,0.16260162601626016,0.15503875968992248,0.0,0.0,
01133965602,Winston County,Winston County,0,3128,0.0,5.63,0,16.6,88854.0,2258.0,665,676,106.0,230.0,0.0,8,6.0,2,2,0.0,1.0,0.2557544757033248,0.2657218777679362,0.3007518796992481,0.2958579881656805,0.0,0.43478260869565216,
01003010904,Baldwin County,Baldwin County,0,7747,0.0,0.09,0,5.5,90065.0,5680.0,1733,1372,22.0,274.0,0.0,10,7.0,2,2,0.0,0.0,0.1290822253775655,0.12323943661971831,0.1154068090017311,0.1457725947521866,0.0,0.0,
01015002001,Calhoun County,Calhoun County,0,2739,0.0,0.0,0,12.0,93365.0,2047.0,642,474,42.0,26.0,0.0,9,7.0,2,2,0.0,0.0,0.32858707557502737,0.3419638495359062,0.3115264797507788,0.4219409282700422,0.0,0.0,
01043965700,Cullman County,Cullman County,0,2952,0.0,0.0,0,15.1,68750.0,1488.0,576,612,11.0,85.0,0.0,13,7.0,3,3,0.0,0.0,0.44037940379403795,0.47043010752688175,0.5208333333333334,0.49019607843137253,0.0,0.0,
01049961300,DeKalb County,DeKalb County,0,5981,0.0,0.0,1,41.7,53582.0,2539.0,1718,845,184.0,440.0,0.0,16,7.0,5,2,0.0,1.0,0.2675137936799866,0.27569909413154786,0.2910360884749709,0.23668639053254437,0.0,0.22727272727272727,
01051030702,Elmore County,Elmore County,0,4073,0.0,0.0,0,9.5,115191.0,3140.0,821,989,20.0,54.0,0.0,9,7.0,2,2,0.0,0.0,0.22096734593665604,0.2229299363057325,0.243605359317905,0.20222446916076844,0.0,0.0,
01051030802,Elmore County,Elmore County,0,4317,0.0,2.9,0,15.2,97644.0,2900.0,1038,728,140.0,59.0,0.0,10,7.0,3,2,0.0,0.0,0.23164234422052352,0.2413793103448276,0.28901734104046245,0.27472527472527475,0.0,0.0,
01073003803,Jefferson County,Jefferson County,1,3547,0.0,0.23,1,35.0,40636.0,1312.0,698,744,170.0,405.0,0.0,18,7.0,4,4,1.0,2.0,0.5074711023400056,0.5335365853658537,0.5730659025787965,0.5376344086021505,0.5882352941176471,0.49382716049382713,
01087231400,Macon County,Macon County,0,1342,0.0,0.0,1,19.2,50417.0,464.0,229,296,8.0,64.0,0.0,19,7.0,3,4,0.0,1.0,1.4157973174366616,1.5086206896551724,1.3100436681222707,1.3513513513513513,0.0,1.5625,
01089003000,Madison County,Madison County,1,2837,0.0,5.89,1,24.9,71053.0,1673.0,627,483,164.0,174.0,0.0,11,7.0,2,2,1.0,1.0,0.38773352132534367,0.41841004184100417,0.3189792663476874,0.4140786749482402,0.6097560975609756,0.5747126436781609,
01089010200,Madison County,Madison County,0,6041,0.0,0.0,0,5.1,109531.0,4964.0,1393,891,31.0,61.0,0.0,9,7.0,2,1,0.0,0.0,0.14898195662969707,0.14101531023368252,0.14357501794687724,0.1122334455667789,0.0,0.0,
01097001002,Mobile County,Mobile County,1,1777,0.0,2.08,0,5.5,150714.0,1029.0,328,325,32.0,100.0,0.0,12,7.0,2,2,0.0,1.0,0.6752954417557682,0.6802721088435374,0.6097560975609756,0.6153846153846154,0.0,1.0,
01101002202,Montgomery County,Montgomery County,1,884,0.0,0.0,1,29.4,57188.0,320.0,189,174,41.0,107.0,0.0,19,7.0,4,4,1.0,2.0,2.1493212669683257,2.1875,2.1164021164021163,2.2988505747126435,2.4390243902439024,1.8691588785046729,
01121011302,Talladega County,Talladega County,0,3052,0.0,0.0,1,20.7,51548.0,1359.0,659,566,212.0,234.0,0.0,15,7.0,3,3,1.0,1.0,0.49148099606815204,0.515084621044886,0.4552352048558422,0.5300353356890459,0.4716981132075472,0.42735042735042733,
01055001000,Etowah County,Etowah County,1,1208,0.0,3.15,1,39.2,34070.0,275.0,309,165,83.0,215.0,0.0,34,8.0,9,5,2.0,6.0,2.814569536423841,2.909090909090909,2.912621359223301,3.0303030303030303,2.4096385542168677,2.7906976744186047,
01059973300,Franklin County,Franklin County,0,3282,0.0,2.38,1,21.7,54643.0,1185.0,857,473,125.0,238.0,0.0,22,8.0,6,3,1.0,2.0,0.6703229737964655,0.6751054852320675,0.7001166861143524,0.6342494714587738,0.8,0.8403361344537815,
01063060102,Greene County,Greene County,0,2097,0.0,2.96,1,39.2,39902.0,798.0,365,582,36.0,178.0,0.0,20,8.0,4,6,0.0,2.0,0.9537434430138293,1.0025062656641603,1.095890410958904,1.0309278350515463,0.0,1.1235955056179776,
01073011704,Jefferson County,Jefferson County,0,4343,0.0,0.37,0,3.5,109643.0,3180.0,896,881,59.0,64.0,0.0,10,8.0,2,2,0.0,0.0,0.23025558369790466,0.25157232704402516,0.22321428571428573,0.22701475595913734,0.0,0.0,
01095030206,Marshall County,Marshall County,0,3732,0.0,3.62,0,6.2,111346.0,2869.0,622,990,0.0,72.0,0.0,10,8.0,2,3,0.0,0.0,0.2679528403001072,0.27884280237016384,0.3215434083601286,0.30303030303030304,,0.0,
01111000600,Randolph County,Randolph County,0,1913,0.0,10.09,1,33.6,63125.0,804.0,401,337,30.0,113.0,0.0,19,8.0,4,3,0.0,1.0,0.9932043910088866,0.9950248756218906,0.9975062344139651,0.8902077151335311,0.0,0.8849557522123894,
01127021900,Walker County,Walker County,0,2246,0.0,0.0,1,23.5,59524.0,1072.0,430,451,60.0,182.0,0.0,16,8.0,3,3,0.0,1.0,0.7123775601068566,0.746268656716418,0.6976744186046512,0.6651884700665188,0.0,0.5494505494505495,
01003011604,Baldwin County,Baldwin County,0,2853,0.0,0.0,0,10.1,85278.0,2336.0,288,1232,4.0,40.0,0.0,11,9.0,1,5,0.0,0.0,0.385559060637925,0.3852739726027397,0.3472222222222222,0.40584415584415584,0.0,0.0,
01019955801,Cherokee County,Cherokee County,0,2084,0.0,0.0,0,13.4,72574.0,1117.0,386,497,10.0,80.0,0.0,17,9.0,3,4,0.0,1.0,0.8157389635316699,0.8057296329453895,0.7772020725388601,0.8048289738430584,0.0,1.25,
01039962400,Covington County,Covington County,0,3440,0.0,5.9,0,19.7,73464.0,1880.0,734,854,70.0,135.0,0.0,17,9.0,4,4,0.0,1.0,0.4941860465116279,0.4787234042553192,0.5449591280653951,0.468384074941452,0.0,0.7407407407407407,
01069041000,Houston County,Houston County,1,5071,0.0,3.04,1,33.0,44798.0,1910.0,1309,827,249.0,694.0,0.0,24,9.0,6,4,1.0,3.0,0.47327943206468154,0.4712041884816754,0.45836516424751717,0.4836759371221282,0.40160642570281124,0.4322766570605187,
01073010604,Jefferson County,Jefferson County,1,4595,0.0,15.3,1,46.8,35079.0,1573.0,1038,814,430.0,948.0,0.0,25,9.0,6,5,2.0,5.0,0.544069640914037,0.5721551176096631,0.5780346820809249,0.6142506142506142,0.46511627906976744,0.5274261603375527,
01073011706,Jefferson County,Jefferson County,0,2304,0.0,0.0,0,7.3,92138.0,1441.0,554,407,27.0,79.0,0.0,14,9.0,3,2,0.0,0.0,0.6076388888888888,0.6245662734212353,0.5415162454873647,0.4914004914004914,0.0,0.0,
01095030601,Marshall County,Marshall County,0,2927,0.0,2.63,0,6.6,100208.0,2028.0,656,628,50.0,56.0,0.0,12,9.0,3,3,0.0,0.0,0.40997608472839087,0.4437869822485207,0.4573170731707317,0.47770700636942676,0.0,0.0,
01103005704,Morgan County,Morgan County,0,3112,0.0,0.06,0,6.2,156719.0,2259.0,631,653,7.0,74.0,0.0,13,9.0,3,3,0.0,0.0,0.41773778920308485,0.398406374501992,0.4754358161648177,0.45941807044410415,0.0,0.0,
01109189300,Pike County,Pike County,0,4188,0.0,0.0,1,23.6,50962.0,1956.0,880,914,133.0,585.0,0.0,19,9.0,4,4,1.0,3.0,0.45367717287488063,0.4601226993865031,0.45454545454545453,0.437636761487965,0.7518796992481203,0.5128205128205128,
01115040401,St. Clair County,St. Clair County,0,5078,0.0,1.5,1,12.4,71350.0,2917.0,1111,968,81.0,172.0,0.0,15,9.0,3,3,0.0,1.0,0.29539188656951554,0.30853616729516625,0.27002700270027,0.30991735537190085,0.0,0.5813953488372093,
01117030102,Shelby County,Shelby County,0,3983,0.0,0.63,1,16.7,69591.0,2336.0,848,820,29.0,227.0,0.0,16,9.0,3,3,0.0,1.0,0.40170725583730854,0.3852739726027397,0.35377358490566035,0.36585365853658536,0.0,0.44052863436123346,
01121010900,Talladega County,Talladega County,1,3225,0.0,14.57,1,22.2,86111.0,1807.0,699,741,84.0,222.0,0.0,16,9.0,3,4,0.0,1.0,0.49612403100775193,0.49806308799114557,0.4291845493562232,0.5398110661268556,0.0,0.45045045045045046,
01005950600,Barbour County,Barbour County,0,1858,0.0,0.0,1,28.0,65893.0,737.0,442,331,108.0,179.0,0.0,25,10.0,6,5,1.0,2.0,1.3455328310010763,1.3568521031207599,1.3574660633484164,1.5105740181268883,0.9259259259259259,1.1173184357541899,
01009050107,Blount County,Blount County,0,2975,0.0,0.0,0,16.2,82333.0,1851.0,686,597,31.0,95.0,0.0,16,10.0,4,3,0.0,1.0,0.5378151260504201,0.5402485143165856,0.5830903790087464,0.5025125628140703,0.0,1.0526315789473684,
01015001101,Calhoun County,Calhoun County,0,1772,0.0,0.0,0,2.3,127708.0,1680.0,352,309,0.0,13.0,0.0,11,10.0,2,2,0.0,0.0,0.6207674943566591,0.5952380952380952,0.5681818181818182,0.6472491909385113,,0.0,
01039963000,Covington County,Covington County,0,3448,0.0,2.23,0,18.2,88194.0,2018.0,669,835,140.0,261.0,0.0,17,10.0,3,4,1.0,1.0,0.49303944315545245,0.49554013875123887,0.4484304932735426,0.47904191616766467,0.7142857142857143,0.3831417624521073,
01055010900,Etowah County,Etowah County,0,1789,0.0,0.0,0,7.8,85893.0,1295.0,385,371,7.0,83.0,0.0,14,10.0,3,3,0.0,1.0,0.7825600894354388,0.7722007722007722,0.7792207792207793,0.8086253369272237,0.0,1.2048192771084338,
01073014207,Jefferson County,Jefferson County,0,6349,0.0,0.0,0,8.9,102469.0,5258.0,1401,996,52.0,213.0,0.0,12,10.0,3,2,0.0,0.0,0.18900614269963772,0.1901863826550019,0.21413276231263384,0.20080321285140562,0.0,0.0,
01089010905,Madison County,Madison County,0,8213,0.0,0.46,0,1.2,206089.0,7375.0,1979,1534,62.0,61.0,0.0,11,10.0,3,2,0.0,0.0,0.13393400706197492,0.13559322033898305,0.15159171298635674,0.1303780964797914,0.0,0.0,
01089011400,Madison County,Madison County,0,4443,0.0,0.0,1,16.4,83421.0,2343.0,954,799,86.0,182.0,0.0,20,10.0,4,4,0.0,1.0,0.45014629754670266,0.42680324370465217,0.4192872117400419,0.5006257822277848,0.0,0.5494505494505495,
01097005702,Mobile County,Mobile County,0,3211,0.0,0.0,0,6.4,131167.0,3056.0,723,570,44.0,78.0,0.0,11,10.0,2,2,0.0,0.0,0.34257240734973526,0.32722513089005234,0.2766251728907331,0.3508771929824561,0.0,0.0,
01101005700,Montgomery County,Montgomery County,0,1417,0.0,0.0,1,27.0,68510.0,676.0,201,342,16.0,65.0,0.0,21,10.0,3,5,0.0,1.0,1.4820042342978124,1.4792899408284024,1.492537313432836,1.4619883040935673,0.0,1.5384615384615385,
01103000100,Morgan County,Morgan County,1,4185,0.0,3.89,1,28.4,49157.0,1765.0,1094,751,127.0,366.0,0.0,25,10.0,6,4,1.0,2.0,0.5973715651135006,0.56657223796034,0.5484460694698354,0.5326231691078562,0.7874015748031497,0.546448087431694,
01107050300,Pickens County,Pickens County,0,4886,0.0,33.24,1,22.1,58594.0,1405.0,703,667,81.0,239.0,0.0,33,10.0,5,5,1.0,2.0,0.6753990994678674,0.7117437722419929,0.7112375533428165,0.7496251874062968,1.2345679012345678,0.8368200836820083,
01117030350,Shelby County,Shelby County,0,3004,0.0,0.0,0,2.2,151991.0,3088.0,733,374,10.0,0.0,0.0,10,10.0,2,1,0.0,0.0,0.33288948069241014,0.3238341968911917,0.2728512960436562,0.26737967914438504,0.0,,
01009050601,Blount County,Blount County,0,4166,0.0,1.03,0,10.7,99714.0,2684.0,979,728,9.0,104.0,0.0,17,11.0,4,3,0.0,0.0,0.40806529044647144,0.4098360655737705,0.40858018386108275,0.41208791208791207,0.0,0.0,
01027959000,Clay County,Clay County,0,3205,0.0,4.99,1,21.7,53841.0,1548.0,634,726,155.0,265.0,0.0,23,11.0,5,5,1.0,2.0,0.717628705148206,0.710594315245478,0.7886435331230284,0.6887052341597796,0.6451612903225806,0.7547169811320755,
01067030300,Henry County,Henry County,0,2994,0.0,0.0,1,29.2,55172.0,1610.0,427,933,38.0,324.0,0.0,20,11.0,3,6,0.0,2.0,0.6680026720106881,0.6832298136645962,0.702576112412178,0.6430868167202572,0.0,0.6172839506172839,
01073000700,Jefferson County,Jefferson County,1,2252,0.0,0.0,1,64.1,29131.0,336.0,742,322,250.0,382.0,0.0,76,11.0,25,11,8.0,13.0,3.374777975133215,3.2738095238095237,3.3692722371967654,3.4161490683229814,3.2,3.4031413612565444,
01073005702,Jefferson County,Jefferson County,1,3079,0.0,2.7,1,21.9,53246.0,1260.0,615,796,191.0,300.0,0.0,27,11.0,5,7,2.0,3.0,0.8769080870412471,0.873015873015873,0.8130081300813008,0.8793969849246231,1.0471204188481675,1.0,
01097002302,Mobile County,Mobile County,1,1584,0.0,0.82,1,17.0,56250.0,766.0,373,367,15.0,231.0,0.0,22,11.0,5,5,0.0,3.0,1.3888888888888888,1.4360313315926894,1.3404825737265416,1.3623978201634876,0.0,1.2987012987012987,
01101001100,Montgomery County,Montgomery County,1,2684,0.0,1.56,1,30.7,53138.0,433.0,646,559,197.0,497.0,0.0,69,11.0,17,14,5.0,13.0,2.570789865871833,2.540415704387991,2.6315789473684212,2.5044722719141324,2.5380710659898478,2.6156941649899395,
01109189101,Pike County,Pike County,1,4248,0.0,44.47,1,49.2,36725.0,569.0,249,232,65.0,313.0,0.0,81,11.0,5,4,1.0,6.0,1.9067796610169492,1.9332161687170475,2.0080321285140563,1.7241379310344827,1.5384615384615385,1.9169329073482428,
01115040302,St. Clair County,St. Clair County,0,2771,0.0,0.0,1,29.2,51250.0,1310.0,585,551,63.0,229.0,0.0,23,11.0,5,5,1.0,2.0,0.8300252616383977,0.8396946564885496,0.8547008547008547,0.9074410163339383,1.5873015873015872,0.8733624454148472,
01007010006,Bibb County,Bibb County,0,1728,0.0,0.0,1,24.3,70179.0,837.0,436,236,7.0,108.0,0.0,24,12.0,6,3,0.0,2.0,1.3888888888888888,1.4336917562724014,1.3761467889908257,1.271186440677966,0.0,1.8518518518518519,
01029959700,Cleburne County,Cleburne County,0,3523,0.0,0.0,1,9.5,66324.0,2014.0,795,713,4.0,209.0,0.0,20,12.0,5,4,0.0,1.0,0.5676979846721544,0.5958291956305859,0.6289308176100629,0.5610098176718092,0.0,0.4784688995215311,
01047956101,Dallas County,Dallas County,0,3889,0.0,1.41,1,22.4,64444.0,1190.0,825,800,136.0,276.0,0.0,38,12.0,8,8,1.0,3.0,0.9771149395731551,1.0084033613445378,0.9696969696969697,1.0,0.7352941176470589,1.0869565217391304,
01055001200,Etowah County,Etowah County,1,3101,0.0,14.51,1,25.7,63276.0,1218.0,497,574,114.0,201.0,0.0,31,12.0,5,6,1.0,2.0,0.999677523379555,0.9852216748768473,1.0060362173038229,1.0452961672473868,0.8771929824561403,0.9950248756218906,
01071950700,Jackson County,Jackson County,0,4654,0.0,0.24,1,20.8,76582.0,2947.0,885,988,51.0,284.0,0.0,19,12.0,4,4,0.0,1.0,0.4082509669101848,0.40719375636240246,0.4519774011299435,0.4048582995951417,0.0,0.352112676056338,
01073005103,Jefferson County,Jefferson County,1,2575,0.0,0.0,1,32.4,42634.0,1392.0,456,669,129.0,212.0,0.0,23,12.0,4,6,1.0,2.0,0.8932038834951457,0.8620689655172413,0.8771929824561403,0.8968609865470852,0.7751937984496124,0.9433962264150944,
01079979900,Lawrence County,Lawrence County,0,1840,0.0,0.0,0,15.3,88629.0,1117.0,429,303,13.0,47.0,0.0,20,12.0,5,3,0.0,1.0,1.0869565217391304,1.0743061772605194,1.1655011655011656,0.9900990099009901,0.0,2.127659574468085,
01101001600,Montgomery County,Montgomery County,1,3830,0.0,0.23,1,38.7,37399.0,884.0,1027,435,186.0,785.0,0.0,52,12.0,14,6,3.0,11.0,1.3577023498694516,1.3574660633484164,1.3631937682570594,1.3793103448275863,1.6129032258064515,1.4012738853503184,
01101001700,Montgomery County,Montgomery County,1,5469,0.0,2.08,0,11.3,75167.0,2894.0,1356,818,27.0,408.0,0.0,22,12.0,6,3,0.0,2.0,0.4022673249222893,0.414651002073255,0.4424778761061947,0.36674816625916873,0.0,0.49019607843137253,
01103000900,Morgan County,Morgan County,1,5853,0.0,2.32,1,15.6,56425.0,3339.0,1491,888,190.0,570.0,0.0,21,12.0,5,3,1.0,2.0,0.35879036391594055,0.35938903863432164,0.335345405767941,0.33783783783783783,0.5263157894736842,0.3508771929824561,
01109189200,Pike County,Pike County,0,2785,0.0,0.0,1,26.7,70170.0,1686.0,624,549,147.0,225.0,0.0,20,12.0,5,4,1.0,2.0,0.718132854578097,0.7117437722419929,0.8012820512820513,0.7285974499089253,0.6802721088435374,0.8888888888888888,
01125010604,Tuscaloosa County,Tuscaloosa County,0,6817,0.0,0.0,0,9.0,118312.0,5902.0,1645,936,31.0,138.0,0.0,14,12.0,3,2,0.0,0.0,0.20536893061463987,0.20332090816672316,0.182370820668693,0.21367521367521367,0.0,0.0,
01091972901,Marengo County,Marengo County,1,1619,0.0,0.99,1,24.8,60048.0,643.0,375,280,33.0,171.0,0.0,32,13.0,7,6,1.0,3.0,1.9765287214329834,2.021772939346812,1.8666666666666667,2.142857142857143,3.0303030303030303,1.7543859649122806,
01091973200,Marengo County,Marengo County,0,2396,0.0,0.0,1,26.4,87381.0,1233.0,564,462,77.0,241.0,0.0,25,13.0,6,5,1.0,2.0,1.0434056761268782,1.05433901054339,1.0638297872340425,1.0822510822510822,1.2987012987012987,0.8298755186721992,
01095031002,Marshall County,Marshall County,0,2635,0.0,0.0,1,21.3,60510.0,1815.0,738,348,13.0,247.0,0.0,19,13.0,5,3,0.0,2.0,0.7210626185958254,0.7162534435261708,0.6775067750677507,0.8620689655172413,0.0,0.8097165991902834,
01103005703,Morgan County,Morgan County,0,2821,0.0,0.0,0,15.5,103929.0,2191.0,609,521,12.0,79.0,0.0,17,13.0,4,3,0.0,0.0,0.6026231832683445,0.5933363760839799,0.6568144499178982,0.5758157389635317,0.0,0.0,
01111000100,Randolph County,Randolph County,0,3772,0.0,0.0,1,18.7,53409.0,2095.0,833,873,21.0,217.0,0.0,23,13.0,5,5,0.0,1.0,0.6097560975609756,0.6205250596658711,0.6002400960384153,0.572737686139748,0.0,0.4608294930875576,
01121010102,Talladega County,Talladega County,0,5221,0.0,1.55,0,14.4,73467.0,3247.0,1183,854,83.0,334.0,0.0,20,13.0,5,3,0.0,1.0,0.3830683777054204,0.40036957191253464,0.42265426880811496,0.351288056206089,0.0,0.2994011976047904,
01133965900,Winston County,Winston County,0,2005,0.0,1.3,1,21.9,46117.0,1011.0,413,395,35.0,151.0,0.0,26,13.0,5,5,0.0,2.0,1.2967581047381547,1.2858555885262117,1.2106537530266344,1.2658227848101267,0.0,1.3245033112582782,
01011952201,Bullock County,Bullock County,0,2423,0.0,0.95,1,42.1,44846.0,931.0,603,384,195.0,407.0,0.0,36,14.0,9,6,3.0,6.0,1.4857614527445315,1.5037593984962405,1.492537313432836,1.5625,1.5384615384615385,1.4742014742014742,
01013953000,Butler County,Butler County,0,1230,0.0,0.0,1,6.9,62669.0,536.0,274,245,4.0,48.0,0.0,31,14.0,7,6,0.0,1.0,2.5203252032520327,2.611940298507463,2.5547445255474455,2.4489795918367347,0.0,2.0833333333333335,
01053969900,Escambia County,Escambia County,0,4399,0.0,0.0,0,12.6,68722.0,2678.0,1027,875,44.0,213.0,0.0,22,14.0,5,4,0.0,1.0,0.5001136621959537,0.5227781926811053,0.48685491723466406,0.45714285714285713,0.0,0.4694835680751174,
01075030000,Lamar County,Lamar County,0,4412,0.0,0.02,1,20.6,55417.0,1861.0,942,955,115.0,350.0,0.0,33,14.0,7,7,1.0,3.0,0.7479601087941976,0.7522837184309511,0.7430997876857749,0.7329842931937173,0.8695652173913043,0.8571428571428571,
01089002501,Madison County,Madison County,1,3210,0.0,0.75,1,54.6,32574.0,952.0,667,173,215.0,510.0,0.0,47,14.0,10,3,3.0,7.0,1.4641744548286604,1.4705882352941178,1.4992503748125936,1.7341040462427746,1.3953488372093024,1.3725490196078431,
01097003602,Mobile County,Mobile County,1,1253,0.0,6.78,1,28.5,55709.0,502.0,322,155,23.0,162.0,0.0,35,14.0,9,4,1.0,5.0,2.793296089385475,2.7888446215139444,2.7950310559006213,2.5806451612903225,4.3478260869565215,3.0864197530864197,
01101002500,Montgomery County,Montgomery County,1,2315,0.0,0.52,1,30.1,56908.0,1339.0,626,298,111.0,412.0,0.0,24,14.0,6,3,1.0,4.0,1.0367170626349893,1.0455563853622105,0.9584664536741214,1.0067114093959733,0.9009009009009009,0.970873786407767,
01115040503,St. Clair County,St. Clair County,0,4780,0.0,0.0,0,6.0,135725.0,4078.0,1121,876,115.0,241.0,0.0,17,14.0,4,3,0.0,1.0,0.35564853556485354,0.34330554193231977,0.3568242640499554,0.3424657534246575,0.0,0.4149377593360996,
01121010302,Talladega County,Talladega County,0,4779,0.0,0.0,0,9.3,88523.0,3604.0,767,1126,19.0,188.0,0.0,19,14.0,3,4,0.0,1.0,0.39757271395689475,0.38845726970033295,0.39113428943937417,0.3552397868561279,0.0,0.5319148936170213,
01011952100,Bullock County,Bullock County,0,1272,0.0,0.0,1,23.2,48857.0,604.0,279,267,30.0,221.0,0.0,32,15.0,7,7,1.0,6.0,2.5157232704402515,2.4834437086092715,2.5089605734767026,2.6217228464419478,3.3333333333333335,2.7149321266968327,
01029959800,Cleburne County,Cleburne County,0,4780,0.0,0.0,0,14.5,94135.0,3440.0,1161,901,106.0,250.0,0.0,21,15.0,5,4,0.0,1.0,0.4393305439330544,0.436046511627907,0.4306632213608958,0.4439511653718091,0.0,0.4,
01051030200,Elmore County,Elmore County,0,4970,0.0,0.0,0,16.9,94095.0,4201.0,928,1036,32.0,243.0,0.0,18,15.0,3,4,0.0,1.0,0.36217303822937624,0.357057843370626,0.3232758620689655,0.3861003861003861,0.0,0.411522633744856,
01059973701,Franklin County,Franklin County,0,1418,0.0,0.0,1,15.3,50208.0,791.0,322,280,7.0,43.0,0.0,26,15.0,6,5,0.0,1.0,1.8335684062059239,1.8963337547408343,1.8633540372670807,1.7857142857142858,0.0,2.3255813953488373,
01089001200,Madison County,Madison County,1,2887,0.0,1.18,1,41.3,36890.0,762.0,991,315,170.0,619.0,0.0,56,15.0,19,6,3.0,12.0,1.939729823346034,1.968503937007874,1.917255297679112,1.9047619047619047,1.7647058823529411,1.938610662358643,
01091973001,Marengo County,Marengo County,0,1338,0.0,0.0,1,26.8,53060.0,345.0,301,241,168.0,235.0,0.0,60,15.0,13,11,7.0,10.0,4.484304932735426,4.3478260869565215,4.318936877076412,4.564315352697095,4.166666666666667,4.25531914893617,
01095030203,Marshall County,Marshall County,0,4013,0.0,0.0,0,15.8,83235.0,2814.0,953,690,160.0,266.0,0.0,21,15.0,5,4,1.0,1.0,0.523299277348617,0.5330490405117271,0.5246589716684156,0.5797101449275363,0.625,0.37593984962406013,
01125010704,Tuscaloosa County,Tuscaloosa County,0,4966,0.0,0.0,0,4.7,106436.0,3876.0,1203,717,0.0,168.0,0.0,20,15.0,5,3,0.0,1.0,0.4027386226339106,0.38699690402476783,0.41562759767248547,0.41841004184100417,,0.5952380952380952,
01009050701,Blount County,Blount County,0,5834,0.0,0.0,0,12.2,73750.0,3565.0,1295,1058,124.0,311.0,0.0,26,16.0,6,5,1.0,1.0,0.4456633527596846,0.4488078541374474,0.46332046332046334,0.4725897920604915,0.8064516129032258,0.3215434083601286,
01019955701,Cherokee County,Cherokee County,0,3365,0.0,0.0,1,22.8,55000.0,1575.0,626,821,103.0,247.0,0.0,34,16.0,6,8,1.0,2.0,1.0104011887072808,1.0158730158730158,0.9584664536741214,0.97442143727162,0.970873786407767,0.8097165991902834,
01025957500,Clarke County,Clarke County,0,1531,0.0,0.0,0,13.4,70509.0,1040.0,275,352,28.0,50.0,0.0,23,16.0,4,5,0.0,1.0,1.5022860875244939,1.5384615384615385,1.4545454545454546,1.4204545454545454,0.0,2.0,
01047957302,Dallas County,Dallas County,0,1154,0.0,0.0,1,20.8,58462.0,474.0,215,271,51.0,53.0,0.0,40,16.0,7,9,2.0,2.0,3.466204506065858,3.3755274261603376,3.255813953488372,3.321033210332103,3.9215686274509802,3.7735849056603774,
01069041800,Houston County,Houston County,0,2050,0.0,0.0,0,16.1,75156.0,1312.0,387,509,26.0,179.0,0.0,26,16.0,5,6,0.0,2.0,1.2682926829268293,1.2195121951219512,1.2919896640826873,1.1787819253438114,0.0,1.1173184357541899,
01073000100,Jefferson County,Jefferson County,1,2809,0.0,2.42,1,12.6,44043.0,1014.0,805,327,147.0,457.0,0.0,43,16.0,12,5,2.0,7.0,1.5307938768244926,1.5779092702169626,1.4906832298136645,1.529051987767584,1.3605442176870748,1.5317286652078774,
01073005000,Jefferson County,Jefferson County,1,3374,0.0,0.5,0,13.3,74397.0,2293.0,380,318,168.0,130.0,0.0,24,16.0,3,2,1.0,1.0,0.7113218731475993,0.6977758395115569,0.7894736842105263,0.6289308176100629,0.5952380952380952,0.7692307692307693,
01073005908,Jefferson County,Jefferson County,1,3644,0.0,0.0,1,21.0,60054.0,1204.0,1024,375,108.0,305.0,0.0,50,16.0,14,5,1.0,4.0,1.37211855104281,1.3289036544850499,1.3671875,1.3333333333333333,0.9259259259259259,1.3114754098360655,
01077011606,Lauderdale County,Lauderdale County,0,4214,0.0,0.0,0,3.8,92917.0,4128.0,993,769,13.0,79.0,0.0,17,16.0,4,3,0.0,0.0,0.4034171808258187,0.3875968992248062,0.4028197381671702,0.39011703511053314,0.0,0.0,
01081041002,Lee County,Lee County,0,4218,0.0,0.0,0,15.2,76442.0,3341.0,836,611,1.0,411.0,0.0,20,16.0,4,3,0.0,2.0,0.474158368895211,0.47889853337324156,0.4784688995215311,0.4909983633387889,0.0,0.48661800486618007,
01083020403,Limestone County,Limestone County,0,3234,0.0,0.0,1,17.7,66130.0,2521.0,698,620,20.0,149.0,0.0,21,16.0,4,4,0.0,1.0,0.6493506493506493,0.6346687822292741,0.5730659025787965,0.6451612903225806,0.0,0.6711409395973155,
01025957902,Clarke County,Clarke County,0,3794,0.0,3.03,1,20.7,59231.0,2034.0,782,836,179.0,305.0,0.0,31,17.0,6,7,1.0,2.0,0.8170795993674222,0.8357915437561455,0.7672634271099744,0.8373205741626795,0.5586592178770949,0.6557377049180327,
01047957100,Dallas County,Dallas County,0,1157,0.0,0.0,1,35.8,37361.0,578.0,217,270,218.0,507.0,0.0,34,17.0,6,8,6.0,15.0,2.9386343993085564,2.9411764705882355,2.7649769585253456,2.962962962962963,2.7522935779816513,2.9585798816568047,
01073004902,Jefferson County,Jefferson County,1,3555,0.0,3.04,0,18.9,137826.0,1932.0,289,228,111.0,22.0,0.0,31,17.0,3,2,1.0,0.0,0.8720112517580872,0.8799171842650103,1.0380622837370241,0.8771929824561403,0.9009009009009009,0.0,
01097000600,Mobile County,Mobile County,1,1512,0.0,7.8,1,29.2,52321.0,637.0,289,398,47.0,152.0,0.0,41,17.0,8,11,1.0,4.0,2.7116402116402116,2.6687598116169546,2.7681660899653977,2.763819095477387,2.127659574468085,2.6315789473684212,
01101002300,Montgomery County,Montgomery County,1,2501,0.0,0.0,1,40.1,36739.0,1023.0,440,629,108.0,337.0,0.0,41,17.0,7,10,2.0,6.0,1.639344262295082,1.66177908113392,1.5909090909090908,1.589825119236884,1.8518518518518519,1.7804154302670623,
01101005504,Montgomery County,Montgomery County,0,1829,0.0,0.0,0,1.2,154306.0,1916.0,544,271,12.0,0.0,0.0,16,17.0,5,2,0.0,0.0,0.8747949699289229,0.8872651356993737,0.9191176470588235,0.7380073800738007,0.0,,
01019955702,Cherokee County,Cherokee County,0,3702,0.0,0.0,0,10.7,70236.0,2250.0,713,881,61.0,95.0,0.0,29,18.0,6,7,0.0,1.0,0.7833603457590491,0.8,0.8415147265077139,0.7945516458569807,0.0,1.0526315789473684,
01031010700,Coffee County,Coffee County,0,2200,0.0,0.0,0,12.3,92083.0,1809.0,443,488,33.0,124.0,0.0,22,18.0,4,5,0.0,1.0,1.0,0.9950248756218906,0.9029345372460497,1.0245901639344261,0.0,0.8064516129032258,
01035960300,Conecuh County,Conecuh County,0,1579,0.0,0.0,1,20.5,61400.0,890.0,282,388,10.0,75.0,0.0,32,18.0,6,8,0.0,2.0,2.026599113362888,2.0224719101123596,2.127659574468085,2.0618556701030926,0.0,2.6666666666666665,
01049960800,DeKalb County,DeKalb County,0,4595,0.0,3.46,1,17.8,47500.0,1616.0,1286,804,81.0,311.0,0.0,51,18.0,14,9,1.0,3.0,1.1099020674646354,1.113861386138614,1.088646967340591,1.1194029850746268,1.2345679012345678,0.9646302250803859,
01089011302,Madison County,Madison County,0,5111,0.0,0.0,0,4.7,144205.0,4682.0,1196,830,94.0,18.0,0.0,20,18.0,5,3,0.0,0.0,0.3913128546272745,0.3844510892780863,0.4180602006688963,0.3614457831325301,0.0,0.0,
01097002501,Mobile County,Mobile County,1,3448,0.0,0.2,0,3.2,122262.0,3270.0,636,450,0.0,70.0,0.0,18,18.0,3,2,0.0,0.0,0.5220417633410673,0.5504587155963303,0.4716981132075472,0.4444444444444444,,0.0,
01109188800,Pike County,Pike County,0,2404,0.0,0.0,0,15.5,111806.0,1599.0,507,522,23.0,131.0,0.0,27,18.0,6,6,0.0,1.0,1.1231281198003327,1.125703564727955,1.183431952662722,1.1494252873563218,0.0,0.7633587786259542,
01015002200,Calhoun County,Calhoun County,0,3625,0.0,3.01,1,20.7,72661.0,2246.0,734,876,27.0,219.0,0.0,31,19.0,6,8,0.0,2.0,0.8551724137931035,0.8459483526268923,0.8174386920980926,0.91324200913242,0.0,0.91324200913242,
01065040100,Hale County,Hale County,0,1627,0.0,0.0,0,5.8,89856.0,1049.0,335,339,19.0,54.0,0.0,29,19.0,6,6,0.0,1.0,1.782421634910879,1.8112488083889418,1.791044776119403,1.7699115044247788,0.0,1.8518518518518519,
01085781200,Lowndes County,Lowndes County,0,2707,0.0,0.0,1,36.5,46875.0,1094.0,610,445,114.0,316.0,0.0,47,19.0,11,8,2.0,5.0,1.736239379386775,1.736745886654479,1.8032786885245902,1.797752808988764,1.7543859649122806,1.5822784810126582,
01097002600,Mobile County,Mobile County,1,2400,0.0,0.0,1,14.7,40509.0,1044.0,482,671,226.0,328.0,0.0,43,19.0,9,12,4.0,6.0,1.7916666666666667,1.8199233716475096,1.8672199170124482,1.7883755588673622,1.7699115044247788,1.829268292682927,
01101003304,Montgomery County,Montgomery County,1,3723,0.0,0.0,1,22.8,56637.0,1504.0,766,527,287.0,473.0,0.0,47,19.0,10,7,4.0,6.0,1.2624227773301102,1.2632978723404256,1.3054830287206267,1.3282732447817838,1.3937282229965158,1.2684989429175475,
01125012408,Tuscaloosa County,Tuscaloosa County,1,2388,0.0,0.17,1,26.5,50346.0,967.0,624,194,143.0,349.0,0.0,47,19.0,12,4,3.0,7.0,1.968174204355109,1.9648397104446742,1.9230769230769231,2.0618556701030926,2.097902097902098,2.005730659025788,
01057020400,Fayette County,Fayette County,0,3579,0.0,0.22,1,23.6,58188.0,2135.0,841,673,42.0,180.0,0.0,33,20.0,8,6,0.0,2.0,0.9220452640402347,0.936768149882904,0.9512485136741974,0.8915304606240714,0.0,1.1111111111111112,
01073012918,Jefferson County,Jefferson County,1,2472,0.0,0.0,0,2.7,77656.0,1669.0,511,275,68.0,172.0,0.0,30,20.0,6,3,1.0,2.0,1.2135922330097086,1.1983223487118035,1.1741682974559686,1.0909090909090908,1.4705882352941178,1.1627906976744187,
01097006104,Mobile County,Mobile County,0,4467,0.0,0.0,0,13.9,96372.0,3087.0,1032,776,178.0,170.0,0.0,29,20.0,7,5,1.0,1.0,0.6492052831878218,0.6478781988986071,0.6782945736434108,0.6443298969072165,0.5617977528089888,0.5882352941176471,
01101005903,Montgomery County,Montgomery County,0,1943,0.0,0.0,0,13.5,105901.0,1463.0,334,524,7.0,49.0,0.0,26,20.0,5,7,0.0,1.0,1.3381369016984046,1.367053998632946,1.4970059880239521,1.3358778625954197,0.0,2.0408163265306123,
01103000400,Morgan County,Morgan County,1,4027,0.0,16.27,0,8.8,91500.0,2397.0,507,851,92.0,140.0,0.0,34,20.0,4,7,1.0,1.0,0.8443009684628756,0.8343763037129746,0.7889546351084813,0.8225616921269095,1.0869565217391304,0.7142857142857143,
01125012102,Tuscaloosa County,Tuscaloosa County,1,2535,0.0,2.8,1,34.0,105242.0,1225.0,296,249,101.0,91.0,0.0,41,20.0,5,4,2.0,1.0,1.6173570019723866,1.6326530612244898,1.6891891891891893,1.606425702811245,1.9801980198019802,1.098901098901099,
01015002400,Calhoun County,Calhoun County,0,4402,0.0,0.0,0,16.9,71818.0,2502.0,926,850,80.0,144.0,0.0,36,21.0,8,7,1.0,1.0,0.817810086324398,0.8393285371702638,0.8639308855291576,0.8235294117647058,1.25,0.6944444444444444,
01047956500,Dallas County,Dallas County,1,2883,0.0,0.28,1,31.7,98163.0,1033.0,778,471,278.0,689.0,0.0,57,21.0,16,9,6.0,14.0,1.9771071800208118,2.032913843175218,2.056555269922879,1.910828025477707,2.158273381294964,2.0319303338171264,
01073010701,Jefferson County,Jefferson County,1,1817,0.0,0.83,0,11.8,111736.0,1238.0,466,123,36.0,49.0,0.0,31,21.0,8,2,1.0,1.0,1.7061089708310402,1.6962843295638126,1.7167381974248928,1.6260162601626016,2.7777777777777777,2.0408163265306123,
01081040401,Lee County,Lee County,1,3532,0.0,0.0,1,54.2,61797.0,688.0,522,78,0.0,154.0,0.0,110,21.0,16,2,0.0,5.0,3.114382785956965,3.052325581395349,3.0651340996168583,2.5641025641025643,,3.2467532467532467,
01093964200,Marion County,Marion County,0,1370,0.0,0.0,1,7.8,65043.0,896.0,276,303,20.0,51.0,0.0,31,21.0,6,7,0.0,1.0,2.2627737226277373,2.34375,2.1739130434782608,2.31023102310231,0.0,1.9607843137254901,
01123961900,Tallapoosa County,Tallapoosa County,0,2342,0.0,0.0,0,12.7,86132.0,1804.0,506,460,28.0,101.0,0.0,27,21.0,6,5,0.0,1.0,1.1528608027327072,1.164079822616408,1.1857707509881423,1.0869565217391304,0.0,0.9900990099009901,
01033020901,Colbert County,Colbert County,0,4287,0.0,0.0,1,20.2,74167.0,3084.0,949,806,121.0,357.0,0.0,30,22.0,7,6,1.0,3.0,0.6997900629811057,0.7133592736705577,0.7376185458377239,0.7444168734491315,0.8264462809917356,0.8403361344537815,
01035960400,Conecuh County,Conecuh County,0,2936,0.0,0.0,1,32.3,48727.0,1179.0,516,698,26.0,205.0,0.0,55,22.0,10,13,0.0,4.0,1.8732970027247957,1.8659881255301103,1.937984496124031,1.8624641833810889,0.0,1.951219512195122,
01041963900,Crenshaw County,Crenshaw County,0,1371,0.0,1.82,1,22.1,46000.0,579.0,265,283,110.0,175.0,0.0,53,22.0,10,11,4.0,7.0,3.8657913931436907,3.7996545768566494,3.7735849056603774,3.8869257950530036,3.6363636363636362,4.0,
01095030205,Marshall County,Marshall County,0,1250,0.0,0.0,0,7.9,84107.0,954.0,253,230,26.0,11.0,0.0,29,22.0,6,5,1.0,0.0,2.32,2.3060796645702304,2.3715415019762847,2.1739130434782608,3.8461538461538463,0.0,
01115040105,St. Clair County,St. Clair County,0,4465,0.0,7.77,0,13.9,93258.0,3421.0,943,1019,66.0,256.0,0.0,28,22.0,6,7,0.0,2.0,0.6270996640537514,0.6430868167202572,0.6362672322375398,0.6869479882237488,0.0,0.78125,
01117030103,Shelby County,Shelby County,0,1066,0.0,0.0,0,4.1,87212.0,906.0,196,216,34.0,13.0,0.0,26,22.0,5,5,1.0,0.0,2.4390243902439024,2.4282560706401766,2.5510204081632653,2.314814814814815,2.9411764705882355,0.0,
01125010302,Tuscaloosa County,Tuscaloosa County,0,4386,0.0,0.0,1,19.3,66352.0,2154.0,1275,595,17.0,142.0,0.0,45,22.0,13,6,0.0,1.0,1.0259917920656634,1.021355617455896,1.0196078431372548,1.0084033613445378,0.0,0.704225352112676,
01125011901,Tuscaloosa County,Tuscaloosa County,1,2833,0.0,0.0,1,32.2,85507.0,1385.0,477,270,96.0,131.0,0.0,44,22.0,7,4,2.0,2.0,1.5531238969290504,1.5884476534296028,1.4675052410901468,1.4814814814814814,2.0833333333333335,1.5267175572519085,
01005950700,Barbour County,Barbour County,0,1590,0.0,9.75,1,23.8,56875.0,790.0,372,409,75.0,184.0,0.0,46,23.0,11,12,2.0,5.0,2.893081761006289,2.911392405063291,2.956989247311828,2.93398533007335,2.6666666666666665,2.717391304347826,
01073005200,Jefferson County,Jefferson County,1,3365,0.0,0.0,1,28.6,46235.0,1450.0,732,814,128.0,490.0,0.0,54,23.0,12,13,2.0,8.0,1.6047548291233285,1.5862068965517242,1.639344262295082,1.597051597051597,1.5625,1.6326530612244898,
01073010603,Jefferson County,Jefferson County,1,2277,0.0,0.0,0,8.0,107750.0,1461.0,426,551,32.0,76.0,0.0,36,23.0,7,9,1.0,1.0,1.5810276679841897,1.5742642026009583,1.6431924882629108,1.633393829401089,3.125,1.3157894736842106,
01105687100,Perry County,Perry County,0,3089,0.0,0.0,1,39.3,30728.0,665.0,754,528,148.0,586.0,0.0,106,23.0,26,18,5.0,20.0,3.4315312398834577,3.4586466165413534,3.4482758620689653,3.409090909090909,3.3783783783783785,3.4129692832764507,
01007010001,Bibb County,Bibb County,0,2634,0.0,0.34,0,17.1,74063.0,1628.0,608,461,36.0,101.0,0.0,40,24.0,9,7,1.0,2.0,1.5186028853454823,1.4742014742014742,1.480263157894737,1.5184381778741864,2.7777777777777777,1.9801980198019802,
01015000300,Calhoun County,Calhoun County,1,2314,0.0,2.03,1,20.6,35521.0,833.0,461,424,217.0,393.0,0.0,68,24.0,14,12,6.0,12.0,2.9386343993085564,2.881152460984394,3.036876355748373,2.830188679245283,2.7649769585253456,3.053435114503817,
01021060600,Chilton County,Chilton County,0,3294,0.0,0.33,0,12.5,92768.0,2400.0,808,554,11.0,184.0,0.0,33,24.0,8,6,0.0,2.0,1.0018214936247722,1.0,0.9900990099009901,1.0830324909747293,0.0,1.0869565217391304,
01055010800,Etowah County,Etowah County,0,2791,0.0,0.61,0,12.0,75250.0,1833.0,551,589,10.0,119.0,0.0,37,24.0,7,8,0.0,2.0,1.3256897169473307,1.309328968903437,1.2704174228675136,1.3582342954159592,0.0,1.680672268907563,
01073002000,Jefferson County,Jefferson County,1,3478,0.0,12.19,1,40.6,35617.0,1182.0,670,516,277.0,491.0,0.0,70,24.0,14,10,6.0,10.0,2.0126509488211615,2.030456852791878,2.08955223880597,1.937984496124031,2.1660649819494586,2.0366598778004072,
01073003600,Jefferson County,Jefferson County,1,4359,0.0,1.49,1,23.1,66316.0,2188.0,841,923,107.0,381.0,0.0,48,24.0,9,10,1.0,4.0,1.1011699931176875,1.0968921389396709,1.070154577883472,1.0834236186348862,0.9345794392523364,1.0498687664041995,
01081041400,Lee County,Lee County,1,3388,0.0,0.3,1,40.8,41701.0,1322.0,867,595,223.0,421.0,0.0,63,24.0,16,11,4.0,8.0,1.859504132231405,1.8154311649016641,1.845444059976932,1.8487394957983194,1.7937219730941705,1.9002375296912113,
01097006303,Mobile County,Mobile County,0,3574,0.0,0.0,0,6.5,114808.0,2675.0,882,516,9.0,46.0,0.0,32,24.0,8,5,0.0,0.0,0.8953553441522104,0.897196261682243,0.9070294784580499,0.9689922480620154,0.0,0.0,
01019956101,Cherokee County,Cherokee County,0,1931,0.0,0.0,1,15.2,52888.0,1255.0,387,380,0.0,60.0,0.0,38,25.0,8,8,0.0,1.0,1.967892283790782,1.9920318725099602,2.0671834625322996,2.1052631578947367,,1.6666666666666667,
01029959500,Cleburne County,Cleburne County,0,2547,0.0,0.67,0,14.0,68380.0,1509.0,564,478,44.0,148.0,0.0,43,25.0,9,8,1.0,2.0,1.6882606988614055,1.656726308813784,1.5957446808510638,1.6736401673640167,2.272727272727273,1.3513513513513513,
01071951000,Jackson County,Jackson County,0,4349,0.0,0.0,0,15.6,67778.0,2521.0,931,841,84.0,217.0,0.0,43,25.0,9,8,1.0,2.0,0.9887330420786388,0.9916699722332408,0.966702470461869,0.9512485136741974,1.1904761904761905,0.9216589861751152,
01073013200,Jefferson County,Jefferson County,1,2189,0.0,0.0,1,19.7,51167.0,1232.0,541,295,116.0,267.0,0.0,45,25.0,11,6,2.0,5.0,2.055733211512106,2.029220779220779,2.033271719038817,2.0338983050847457,1.7241379310344827,1.8726591760299625,
01095030102,Marshall County,Marshall County,0,1397,0.0,0.0,1,10.8,60192.0,752.0,275,306,0.0,31.0,0.0,47,25.0,9,10,0.0,1.0,3.364352183249821,3.324468085106383,3.272727272727273,3.2679738562091503,,3.225806451612903,
01101005614,Montgomery County,Montgomery County,1,2808,0.0,0.0,1,53.9,22850.0,952.0,967,141,200.0,533.0,0.0,75,25.0,26,4,5.0,14.0,2.6709401709401708,2.6260504201680672,2.688728024819028,2.8368794326241136,2.5,2.626641651031895,
01113030300,Russell County,Russell County,1,3198,0.0,0.0,1,45.9,33630.0,815.0,763,534,94.0,177.0,0.0,98,25.0,23,16,3.0,5.0,3.0644152595372107,3.067484662576687,3.0144167758846656,2.9962546816479403,3.1914893617021276,2.824858757062147,
01125011800,Tuscaloosa County,Tuscaloosa County,1,2575,0.0,0.47,1,48.3,33263.0,830.0,563,409,327.0,565.0,0.0,77,25.0,17,12,10.0,17.0,2.9902912621359223,3.0120481927710845,3.019538188277087,2.93398533007335,3.058103975535168,3.0088495575221237,
01005950500,Barbour County,Barbour County,0,3105,0.0,0.0,1,21.4,69596.0,1911.0,566,769,27.0,228.0,0.0,42,26.0,8,10,0.0,3.0,1.3526570048309179,1.3605442176870748,1.4134275618374559,1.3003901170351104,0.0,1.3157894736842106,
01039961600,Covington County,Covington County,0,4467,0.0,0.0,0,11.6,98958.0,3383.0,944,983,78.0,146.0,0.0,34,26.0,7,8,1.0,1.0,0.7611372285650324,0.7685486254803429,0.7415254237288136,0.8138351983723296,1.2820512820512822,0.684931506849315,
01047956400,Dallas County,Dallas County,1,2645,0.0,5.22,1,27.5,36780.0,549.0,713,466,295.0,390.0,0.0,126,26.0,34,22,14.0,19.0,4.763705103969754,4.735883424408015,4.768583450210379,4.721030042918455,4.745762711864407,4.871794871794871,
01053970400,Escambia County,Escambia County,0,4511,0.0,35.09,1,18.6,64838.0,1617.0,757,598,39.0,80.0,0.0,72,26.0,12,9,1.0,1.0,1.5960984260696076,1.6079158936301794,1.5852047556142668,1.5050167224080269,2.5641025641025643,1.25,
01059973500,Franklin County,Franklin County,0,2213,0.0,0.0,0,8.0,105728.0,1762.0,478,447,14.0,57.0,0.0,32,26.0,7,6,0.0,1.0,1.4460009037505648,1.4755959137343928,1.4644351464435146,1.342281879194631,0.0,1.7543859649122806,
01061050200,Geneva County,Geneva County,0,2091,0.0,0.0,1,18.8,63977.0,976.0,437,509,22.0,97.0,0.0,57,26.0,12,14,1.0,3.0,2.72596843615495,2.6639344262295084,2.745995423340961,2.75049115913556,4.545454545454546,3.0927835051546393,
01073005701,Jefferson County,Jefferson County,1,1990,0.0,0.0,1,11.8,65841.0,948.0,419,435,166.0,269.0,0.0,55,26.0,12,12,5.0,7.0,2.763819095477387,2.742616033755274,2.863961813842482,2.7586206896551726,3.0120481927710845,2.6022304832713754,
01089001500,Madison County,Madison County,1,5895,0.0,37.47,1,20.3,42961.0,2115.0,596,513,22.0,211.0,0.0,73,26.0,7,6,0.0,3.0,1.2383375742154368,1.2293144208037825,1.174496644295302,1.1695906432748537,0.0,1.4218009478672986,
01097006202,Mobile County,Mobile County,0,1918,0.0,0.0,0,8.5,110833.0,1464.0,492,295,0.0,90.0,0.0,35,26.0,9,5,0.0,2.0,1.8248175182481752,1.7759562841530054,1.829268292682927,1.694915254237288,,2.2222222222222223,
01099076101,Monroe County,Monroe County,0,1589,0.0,0.0,0,17.9,94946.0,1171.0,357,346,12.0,82.0,0.0,35,26.0,8,8,0.0,2.0,2.202643171806167,2.220324508966695,2.2408963585434174,2.3121387283236996,0.0,2.4390243902439024,
01115040301,St. Clair County,St. Clair County,0,2876,0.0,0.0,0,12.4,77966.0,1989.0,622,499,59.0,325.0,0.0,37,26.0,8,6,1.0,4.0,1.2865090403337969,1.3071895424836601,1.2861736334405145,1.2024048096192386,1.694915254237288,1.2307692307692308,
01115040402,St. Clair County,St. Clair County,0,3923,0.0,3.06,0,7.2,83009.0,2416.0,910,740,20.0,104.0,0.0,42,26.0,10,8,0.0,1.0,1.0706092276319144,1.076158940397351,1.098901098901099,1.0810810810810811,0.0,0.9615384615384616,
01071950101,Jackson County,Jackson County,0,2882,0.0,0.0,1,23.3,61205.0,1409.0,578,614,146.0,128.0,0.0,55,27.0,11,12,3.0,2.0,1.9083969465648856,1.9162526614620299,1.9031141868512111,1.9543973941368078,2.0547945205479454,1.5625,
01075030200,Lamar County,Lamar County,0,4009,0.0,0.0,0,9.0,79758.0,2847.0,771,974,29.0,135.0,0.0,37,27.0,7,9,0.0,1.0,0.9229234222998254,0.9483667017913593,0.9079118028534371,0.9240246406570842,0.0,0.7407407407407407,
01097000801,Mobile County,Mobile County,1,2824,0.0,1.88,1,12.5,58674.0,1885.0,635,613,83.0,281.0,0.0,40,27.0,9,9,1.0,4.0,1.4164305949008498,1.4323607427055702,1.4173228346456692,1.468189233278956,1.2048192771084338,1.4234875444839858,
01125010404,Tuscaloosa County,Tuscaloosa County,1,2657,0.0,2.18,0,11.8,83625.0,1859.0,618,384,85.0,250.0,0.0,38,27.0,9,5,1.0,4.0,1.4301844185171246,1.4523937600860677,1.4563106796116505,1.3020833333333333,1.1764705882352942,1.6,
01057020100,Fayette County,Fayette County,0,3499,0.0,0.06,0,10.6,68488.0,2194.0,771,705,99.0,201.0,0.0,45,28.0,10,9,1.0,3.0,1.2860817376393254,1.276207839562443,1.297016861219196,1.2765957446808511,1.0101010101010102,1.492537313432836,
01073003001,Jefferson County,Jefferson County,1,3200,0.0,34.72,0,10.0,117511.0,1370.0,401,581,58.0,111.0,0.0,66,28.0,8,12,1.0,2.0,2.0625,2.0437956204379564,1.9950124688279303,2.0654044750430294,1.7241379310344827,1.8018018018018018,
01125010705,Tuscaloosa County,Tuscaloosa County,0,4318,0.0,0.0,0,5.3,113900.0,4028.0,1211,405,8.0,55.0,0.0,30,28.0,8,3,0.0,0.0,0.6947660954145438,0.6951340615690169,0.6606110652353427,0.7407407407407407,0.0,0.0,
01089000702,Madison County,Madison County,1,2765,0.0,2.78,1,18.9,78750.0,1493.0,493,863,271.0,247.0,0.0,54,29.0,10,17,5.0,5.0,1.952983725135624,1.942397856664434,2.028397565922921,1.969872537659328,1.845018450184502,2.0242914979757085,
01009050103,Blount County,Blount County,0,1749,0.0,0.0,0,15.4,83947.0,1144.0,422,312,8.0,71.0,0.0,46,30.0,11,8,0.0,2.0,2.630074328187536,2.6223776223776225,2.6066350710900474,2.5641025641025643,0.0,2.816901408450704,
01051030401,Elmore County,Elmore County,0,3332,0.0,0.0,1,20.2,80313.0,2683.0,786,533,178.0,270.0,0.0,37,30.0,9,6,2.0,3.0,1.1104441776710685,1.1181513231457323,1.1450381679389312,1.125703564727955,1.1235955056179776,1.1111111111111112,
01001020902,Autauga County,Autauga County,0,3091,0.0,0.0,0,7.7,89243.0,2651.0,722,507,49.0,121.0,0.0,36,31.0,8,6,1.0,1.0,1.1646716273050792,1.169370049038099,1.10803324099723,1.183431952662722,2.0408163265306123,0.8264462809917356,
01101002800,Montgomery County,Montgomery County,1,4948,0.0,0.0,1,23.5,42057.0,2471.0,1155,676,95.0,333.0,0.0,62,31.0,15,8,1.0,4.0,1.2530315278900566,1.2545528126264671,1.2987012987012987,1.183431952662722,1.0526315789473684,1.2012012012012012,
01003011410,Baldwin County,Baldwin County,0,7483,0.0,0.0,0,16.7,92955.0,5863.0,1409,1847,44.0,124.0,0.0,40,32.0,8,10,0.0,1.0,0.5345449685954831,0.5457956677468873,0.5677785663591199,0.5414185165132648,0.0,0.8064516129032258,
01097003706,Mobile County,Mobile County,1,3179,0.0,0.0,0,5.2,110625.0,2078.0,542,687,89.0,37.0,0.0,49,32.0,8,11,1.0,1.0,1.5413652091852783,1.5399422521655437,1.4760147601476015,1.6011644832605532,1.1235955056179776,2.7027027027027026,
01097006201,Mobile County,Mobile County,0,3960,0.0,0.0,0,18.1,69722.0,2168.0,1042,522,46.0,145.0,0.0,58,32.0,15,8,1.0,2.0,1.4646464646464648,1.4760147601476015,1.4395393474088292,1.5325670498084292,2.1739130434782608,1.3793103448275863,
01013952800,Butler County,Butler County,1,1411,0.0,0.0,0,15.6,85833.0,864.0,316,293,52.0,71.0,0.0,53,33.0,12,11,2.0,3.0,3.7562012756909993,3.8194444444444446,3.7974683544303796,3.7542662116040955,3.8461538461538463,4.225352112676056,
01017954001,Chambers County,Chambers County,0,2230,0.0,0.4,0,4.5,83750.0,1714.0,361,526,63.0,100.0,0.0,43,33.0,7,10,1.0,2.0,1.9282511210762332,1.9253208868144691,1.9390581717451523,1.9011406844106464,1.5873015873015872,2.0,
01075030102,Lamar County,Lamar County,0,2211,0.0,0.68,1,19.8,61181.0,1139.0,544,428,58.0,252.0,0.0,64,33.0,16,12,2.0,7.0,2.8946178199909545,2.8972783143107987,2.9411764705882355,2.803738317757009,3.4482758620689653,2.7777777777777777,
01077010901,Lauderdale County,Lauderdale County,1,3695,0.0,6.77,0,14.4,70552.0,2104.0,622,1086,82.0,99.0,0.0,59,34.0,10,17,1.0,2.0,1.5967523680649527,1.6159695817490494,1.607717041800643,1.565377532228361,1.2195121951219512,2.0202020202020203,
01077011200,Lauderdale County,Lauderdale County,0,4089,0.0,0.0,0,10.7,85969.0,2819.0,829,886,82.0,150.0,0.0,50,34.0,10,11,1.0,2.0,1.2227928588897041,1.2061014544164597,1.2062726176115801,1.2415349887133182,1.2195121951219512,1.3333333333333333,
01089010101,Madison County,Madison County,0,4975,0.0,0.0,1,17.2,87092.0,3207.0,1046,846,136.0,346.0,0.0,52,34.0,11,9,1.0,4.0,1.0452261306532664,1.0601808543810414,1.0516252390057361,1.0638297872340425,0.7352941176470589,1.1560693641618498,
01001021000,Autauga County,Autauga County,0,2645,0.0,0.0,0,19.7,71667.0,1912.0,598,454,22.0,78.0,0.0,49,35.0,11,8,0.0,1.0,1.8525519848771266,1.8305439330543933,1.839464882943144,1.7621145374449338,0.0,1.2820512820512822,
01005950200,Barbour County,Barbour County,0,3363,0.0,36.01,1,25.9,63750.0,1093.0,437,577,151.0,188.0,0.0,109,35.0,14,19,5.0,6.0,3.2411537317870946,3.202195791399817,3.203661327231121,3.292894280762565,3.3112582781456954,3.1914893617021276,
01033020300,Colbert County,Colbert County,1,2273,0.0,0.0,1,52.1,29250.0,642.0,539,400,51.0,215.0,0.0,123,35.0,29,22,3.0,12.0,5.411350637923449,5.451713395638629,5.380333951762523,5.5,5.882352941176471,5.5813953488372094,
01049961400,DeKalb County,DeKalb County,0,4216,0.0,0.0,1,20.2,51429.0,1822.0,869,996,62.0,245.0,0.0,80,35.0,17,19,1.0,5.0,1.8975332068311195,1.920965971459934,1.9562715765247412,1.9076305220883534,1.6129032258064515,2.0408163265306123,
01073013801,Jefferson County,Jefferson County,1,1907,0.0,0.0,1,30.2,44063.0,660.0,417,357,120.0,139.0,0.0,100,35.0,22,19,6.0,7.0,5.243838489774515,5.303030303030303,5.275779376498801,5.322128851540616,5.0,5.0359712230215825,
01125010303,Tuscaloosa County,Tuscaloosa County,0,3776,0.0,0.0,0,6.1,97821.0,2545.0,827,632,25.0,49.0,0.0,52,35.0,11,9,0.0,1.0,1.3771186440677967,1.37524557956778,1.3301088270858525,1.4240506329113924,0.0,2.0408163265306123,
01023957000,Choctaw County,Choctaw County,0,2079,0.0,0.0,0,12.2,78913.0,1668.0,405,430,61.0,166.0,0.0,45,36.0,9,9,1.0,4.0,2.1645021645021645,2.158273381294964,2.2222222222222223,2.0930232558139537,1.639344262295082,2.4096385542168677,
01097006407,Mobile County,Mobile County,0,6959,0.0,0.75,0,1.8,89103.0,6519.0,1693,1052,21.0,312.0,0.0,38,36.0,9,6,0.0,2.0,0.5460554677396178,0.5522319374137138,0.5316007088009451,0.5703422053231939,0.0,0.6410256410256411,
01117030900,Shelby County,Shelby County,0,2557,0.0,0.0,0,19.9,76219.0,1680.0,509,545,43.0,166.0,0.0,56,36.0,11,12,1.0,4.0,2.190066484161126,2.142857142857143,2.161100196463654,2.2018348623853212,2.3255813953488373,2.4096385542168677,
01119011600,Sumter County,Sumter County,0,1004,0.0,0.0,1,27.5,53438.0,580.0,200,262,18.0,94.0,0.0,62,36.0,12,16,1.0,6.0,6.175298804780876,6.206896551724138,6.0,6.106870229007634,5.555555555555555,6.382978723404255,
01027959200,Clay County,Clay County,0,2462,0.0,0.0,0,7.1,74479.0,1660.0,479,482,20.0,59.0,0.0,55,37.0,11,11,0.0,1.0,2.2339561332250204,2.2289156626506026,2.2964509394572024,2.2821576763485476,0.0,1.694915254237288,
01077011000,Lauderdale County,Lauderdale County,1,4483,0.0,1.03,1,20.9,61397.0,2634.0,923,855,267.0,290.0,0.0,62,37.0,13,12,4.0,4.0,1.3830024537140309,1.404707668944571,1.408450704225352,1.4035087719298245,1.4981273408239701,1.3793103448275863,
01099075901,Monroe County,Monroe County,0,3170,0.0,1.61,1,26.5,63750.0,1541.0,664,628,39.0,113.0,0.0,77,37.0,16,15,1.0,3.0,2.4290220820189274,2.401038286826736,2.4096385542168677,2.388535031847134,2.5641025641025643,2.6548672566371683,
01105687002,Perry County,Perry County,0,3563,0.0,14.93,1,21.0,43713.0,1173.0,710,657,110.0,417.0,0.0,112,37.0,22,21,3.0,13.0,3.143418467583497,3.154305200341006,3.0985915492957745,3.1963470319634704,2.727272727272727,3.117505995203837,
01127021600,Walker County,Walker County,0,1668,0.0,0.0,0,14.2,82283.0,937.0,309,341,58.0,44.0,0.0,66,37.0,12,13,2.0,2.0,3.9568345323741005,3.9487726787620065,3.883495145631068,3.812316715542522,3.4482758620689653,4.545454545454546,
01033020200,Colbert County,Colbert County,1,1883,0.0,2.92,0,16.9,84250.0,1323.0,368,325,79.0,139.0,0.0,55,38.0,11,9,2.0,4.0,2.9208709506107278,2.872260015117158,2.989130434782609,2.769230769230769,2.5316455696202533,2.8776978417266186,
01005950300,Barbour County,Barbour County,0,1370,0.0,0.0,0,11.9,74167.0,962.0,245,390,48.0,108.0,0.0,56,39.0,10,16,2.0,4.0,4.087591240875913,4.054054054054054,4.081632653061225,4.102564102564102,4.166666666666667,3.7037037037037037,
01093964500,Marion County,Marion County,0,1954,0.0,0.0,1,19.1,56000.0,1060.0,369,431,45.0,239.0,0.0,72,39.0,14,16,2.0,9.0,3.68474923234391,3.6792452830188678,3.794037940379404,3.7122969837587005,4.444444444444445,3.7656903765690375,
01073003500,Jefferson County,Jefferson County,1,2206,0.0,0.54,1,22.8,51354.0,906.0,545,298,137.0,177.0,0.0,101,41.0,25,14,6.0,8.0,4.57842248413418,4.525386313465783,4.587155963302752,4.697986577181208,4.37956204379562,4.519774011299435,
01097005000,Mobile County,Mobile County,1,1661,0.0,0.0,1,28.1,51250.0,696.0,443,263,3.0,188.0,0.0,99,41.0,26,16,0.0,11.0,5.960264900662252,5.890804597701149,5.8690744920993225,6.083650190114068,0.0,5.851063829787234,
01129044200,Washington County,Washington County,0,3610,0.0,0.0,1,25.7,91058.0,2661.0,793,659,165.0,319.0,0.0,55,41.0,12,10,3.0,5.0,1.5235457063711912,1.5407741450582488,1.5132408575031526,1.5174506828528074,1.8181818181818181,1.567398119122257,
01071950102,Jackson County,Jackson County,0,3194,0.0,0.0,1,18.0,62750.0,1562.0,660,616,79.0,65.0,0.0,87,42.0,18,17,2.0,2.0,2.7238572323105825,2.6888604353393086,2.727272727272727,2.75974025974026,2.5316455696202533,3.076923076923077,
01089000503,Madison County,Madison County,1,1767,0.0,0.0,1,14.8,53750.0,984.0,411,312,97.0,32.0,0.0,76,42.0,18,13,4.0,1.0,4.301075268817204,4.2682926829268295,4.37956204379562,4.166666666666667,4.123711340206185,3.125,
01093964100,Marion County,Marion County,0,2609,0.0,0.0,1,16.3,52292.0,1445.0,562,525,29.0,145.0,0.0,75,42.0,16,15,1.0,4.0,2.874664622460713,2.906574394463668,2.8469750889679717,2.857142857142857,3.4482758620689653,2.7586206896551726,
01129044000,Washington County,Washington County,0,3744,0.0,3.21,0,9.3,97463.0,2721.0,826,838,65.0,103.0,0.0,57,42.0,13,13,1.0,2.0,1.5224358974358974,1.543550165380375,1.5738498789346247,1.5513126491646778,1.5384615384615385,1.941747572815534,
01015002101,Calhoun County,Calhoun County,1,5300,0.0,63.11,1,51.4,53321.0,534.0,207,172,109.0,233.0,0.0,429,43.0,17,14,9.0,19.0,8.09433962264151,8.05243445692884,8.21256038647343,8.13953488372093,8.256880733944953,8.15450643776824,
01073010302,Jefferson County,Jefferson County,1,3870,0.0,0.0,1,50.7,32939.0,898.0,1194,580,372.0,737.0,0.0,188,44.0,58,28,18.0,36.0,4.857881136950905,4.8997772828507795,4.857621440536013,4.827586206896552,4.838709677419355,4.884667571234735,
01007010007,Bibb County,Bibb County,0,2376,0.0,0.0,1,7.3,66009.0,1478.0,517,454,28.0,72.0,0.0,73,45.0,16,14,1.0,2.0,3.0723905723905722,3.044654939106901,3.094777562862669,3.0837004405286343,3.5714285714285716,2.7777777777777777,
01125010707,Tuscaloosa County,Tuscaloosa County,0,4295,0.0,0.0,0,13.8,76607.0,3092.0,1049,646,46.0,122.0,0.0,63,45.0,15,9,1.0,2.0,1.4668218859138533,1.4553686934023287,1.4299332697807436,1.3931888544891642,2.1739130434782608,1.639344262295082,
01009050502,Blount County,Blount County,0,3196,0.0,0.53,1,10.2,70714.0,2142.0,752,539,84.0,322.0,0.0,69,46.0,16,12,2.0,7.0,2.1589486858573217,2.1475256769374416,2.127659574468085,2.226345083487941,2.380952380952381,2.1739130434782608,
01097003404,Mobile County,Mobile County,1,2767,0.0,0.0,1,33.7,47321.0,1224.0,876,292,94.0,350.0,0.0,104,46.0,33,11,4.0,13.0,3.75858330321648,3.758169934640523,3.767123287671233,3.767123287671233,4.25531914893617,3.7142857142857144,
01103000700,Morgan County,Morgan County,1,3992,0.0,0.43,1,31.3,43409.0,1202.0,1178,472,149.0,359.0,0.0,152,46.0,45,18,6.0,14.0,3.8076152304609217,3.826955074875208,3.8200339558573853,3.8135593220338984,4.026845637583893,3.8997214484679668,
01125012406,Tuscaloosa County,Tuscaloosa County,1,2580,0.0,0.0,1,14.3,49417.0,1336.0,571,280,23.0,225.0,0.0,88,46.0,20,10,1.0,8.0,3.4108527131782944,3.44311377245509,3.502626970227671,3.5714285714285716,4.3478260869565215,3.5555555555555554,
01049960500,DeKalb County,DeKalb County,0,5125,0.0,0.33,1,16.3,65781.0,3009.0,1112,944,142.0,401.0,0.0,80,47.0,17,15,2.0,6.0,1.5609756097560976,1.5619807244931871,1.5287769784172662,1.5889830508474576,1.408450704225352,1.4962593516209477,
01097003406,Mobile County,Mobile County,1,2944,0.0,0.0,1,30.0,57351.0,1243.0,815,417,117.0,320.0,0.0,111,47.0,31,16,4.0,12.0,3.770380434782609,3.7811745776347547,3.803680981595092,3.8369304556354917,3.4188034188034186,3.75,
01097003707,Mobile County,Mobile County,1,4393,0.0,0.0,0,17.6,78566.0,2997.0,886,869,205.0,281.0,0.0,69,47.0,14,14,3.0,4.0,1.5706806282722514,1.5682349015682349,1.580135440180587,1.6110471806674338,1.4634146341463414,1.4234875444839858,
01101001800,Montgomery County,Montgomery County,1,3375,0.0,0.77,1,28.5,46875.0,1576.0,748,585,75.0,388.0,0.0,102,48.0,23,18,2.0,12.0,3.022222222222222,3.045685279187817,3.0748663101604277,3.076923076923077,2.6666666666666665,3.0927835051546393,
01119011301,Sumter County,Sumter County,0,3331,0.0,29.3,1,31.3,43679.0,648.0,495,468,235.0,412.0,0.0,247,48.0,37,35,17.0,30.0,7.415190633443411,7.407407407407407,7.474747474747475,7.478632478632479,7.23404255319149,7.281553398058253,
01131035100,Wilcox County,Wilcox County,0,3083,0.0,0.0,1,27.0,57800.0,1237.0,723,590,119.0,392.0,0.0,119,48.0,28,23,5.0,15.0,3.8598767434317223,3.8803556992724335,3.872752420470263,3.8983050847457625,4.201680672268908,3.826530612244898,
01003010400,Baldwin County,Baldwin County,0,5722,0.0,0.0,0,9.6,82618.0,3188.0,1303,1065,30.0,235.0,0.0,88,49.0,20,16,0.0,4.0,1.5379238028661306,1.5370138017565873,1.5349194167306217,1.5023474178403755,0.0,1.702127659574468,
01021060300,Chilton County,Chilton County,0,3910,0.0,0.0,0,11.5,74894.0,2505.0,875,703,39.0,181.0,0.0,77,49.0,17,14,1.0,4.0,1.969309462915601,1.9560878243512974,1.9428571428571428,1.9914651493598863,2.5641025641025643,2.2099447513812156,
01033020100,Colbert County,Colbert County,1,3599,0.0,0.31,1,27.2,44934.0,1755.0,803,577,83.0,423.0,0.0,100,49.0,22,16,2.0,12.0,2.7785495971103082,2.792022792022792,2.73972602739726,2.7729636048526864,2.4096385542168677,2.8368794326241136,
01097003207,Mobile County,Mobile County,1,2989,0.0,0.0,1,26.8,73600.0,2225.0,640,153,12.0,198.0,0.0,65,49.0,14,3,0.0,4.0,2.174640347942456,2.202247191011236,2.1875,1.9607843137254901,0.0,2.0202020202020203,
01003010200,Baldwin County,Baldwin County,0,3000,0.0,0.03,0,8.2,88198.0,2386.0,693,529,47.0,134.0,0.0,63,50.0,15,11,1.0,3.0,2.1,2.095557418273261,2.1645021645021645,2.0793950850661624,2.127659574468085,2.2388059701492535,
01097002200,Mobile County,Mobile County,1,2478,0.0,2.02,1,19.3,49310.0,1314.0,708,294,78.0,192.0,0.0,95,50.0,27,11,3.0,7.0,3.8337368845843423,3.8051750380517504,3.8135593220338984,3.741496598639456,3.8461538461538463,3.6458333333333335,
01077010902,Lauderdale County,Lauderdale County,1,3814,0.0,0.0,1,26.4,73694.0,2156.0,795,681,87.0,445.0,0.0,90,51.0,19,16,2.0,11.0,2.3597273203985316,2.3654916512059367,2.389937106918239,2.3494860499265786,2.2988505747126435,2.4719101123595504,
01073010401,Jefferson County,Jefferson County,1,3556,0.0,0.98,1,26.6,47592.0,1632.0,792,547,80.0,518.0,0.0,112,52.0,25,17,3.0,16.0,3.1496062992125986,3.1862745098039214,3.1565656565656566,3.1078610603290677,3.75,3.088803088803089,
01077010200,Lauderdale County,Lauderdale County,1,1829,0.0,8.75,1,19.8,62273.0,1046.0,275,373,462.0,450.0,0.0,90,52.0,14,18,23.0,22.0,4.920721705850191,4.97131931166348,5.090909090909091,4.825737265415549,4.978354978354979,4.888888888888889,
01101003100,Montgomery County,Montgomery County,1,3436,0.0,0.2,1,25.2,53349.0,1895.0,768,470,18.0,354.0,0.0,95,52.0,21,13,0.0,10.0,2.7648428405122236,2.7440633245382586,2.734375,2.765957446808511,0.0,2.824858757062147,
01033020802,Colbert County,Colbert County,0,3422,0.0,0.0,0,10.5,99519.0,2455.0,699,700,49.0,213.0,0.0,75,54.0,15,15,1.0,5.0,2.1917007597895966,2.1995926680244398,2.1459227467811157,2.142857142857143,2.0408163265306123,2.347417840375587,
01051030300,Elmore County,Elmore County,0,2766,0.0,0.0,0,5.0,106023.0,2652.0,349,909,34.0,22.0,0.0,56,54.0,7,18,1.0,0.0,2.0245842371655822,2.0361990950226243,2.005730659025788,1.9801980198019802,2.9411764705882355,0.0,
01013953400,Butler County,Butler County,0,2392,0.0,0.42,1,18.2,52333.0,1269.0,481,526,62.0,201.0,0.0,107,57.0,22,24,3.0,9.0,4.473244147157191,4.491725768321513,4.573804573804574,4.562737642585551,4.838709677419355,4.477611940298507,
01027958900,Clay County,Clay County,0,5629,0.0,1.65,0,18.3,71830.0,3103.0,1227,1257,119.0,324.0,0.0,104,57.0,23,23,2.0,6.0,1.8475750577367205,1.836932001289075,1.8744906275468622,1.8297533810660302,1.680672268907563,1.8518518518518519,
01063060200,Greene County,Greene County,0,2199,0.0,0.0,1,26.3,59638.0,1019.0,486,481,139.0,367.0,0.0,122,57.0,27,27,8.0,20.0,5.547976352887677,5.593719332679097,5.555555555555555,5.613305613305613,5.755395683453237,5.449591280653951,
01089002600,Madison County,Madison County,1,4035,0.0,5.77,0,8.9,124125.0,3179.0,630,1099,87.0,49.0,0.0,72,57.0,11,20,2.0,1.0,1.7843866171003717,1.7930166719094054,1.746031746031746,1.8198362147406733,2.2988505747126435,2.0408163265306123,
01039961700,Covington County,Covington County,0,3749,0.0,0.0,1,23.1,65250.0,2016.0,821,805,36.0,148.0,0.0,108,58.0,24,23,1.0,4.0,2.8807682048546277,2.876984126984127,2.92326431181486,2.857142857142857,2.7777777777777777,2.7027027027027026,
01097006902,Mobile County,Mobile County,1,4131,0.0,2.13,1,25.4,57463.0,2421.0,1012,679,71.0,259.0,0.0,100,58.0,24,16,2.0,6.0,2.420721374969741,2.395704254440314,2.3715415019762847,2.3564064801178204,2.816901408450704,2.3166023166023164,
01119011400,Sumter County,Sumter County,0,1478,0.0,0.0,1,24.8,37540.0,327.0,313,315,62.0,141.0,0.0,264,58.0,56,56,11.0,25.0,17.861975642760488,17.737003058103976,17.891373801916934,17.77777777777778,17.741935483870968,17.73049645390071,
01073013902,Jefferson County,Jefferson County,1,2269,0.0,2.25,0,9.0,83750.0,1546.0,456,482,5.0,92.0,0.0,87,59.0,17,18,0.0,4.0,3.8342882327016308,3.8163001293661063,3.7280701754385963,3.7344398340248963,0.0,4.3478260869565215,
01025957700,Clarke County,Clarke County,0,1087,0.0,0.0,1,14.8,55795.0,736.0,225,239,22.0,160.0,0.0,88,60.0,18,19,2.0,13.0,8.095676172953082,8.152173913043478,8.0,7.949790794979079,9.090909090909092,8.125,
01093964002,Marion County,Marion County,0,1423,0.0,0.0,1,20.2,45188.0,586.0,256,305,43.0,122.0,0.0,146,60.0,26,31,4.0,13.0,10.260014054813773,10.238907849829351,10.15625,10.163934426229508,9.30232558139535,10.655737704918034,
01073012908,Jefferson County,Jefferson County,1,4352,0.0,0.34,1,16.7,58385.0,2439.0,882,599,132.0,429.0,0.0,110,61.0,22,15,3.0,11.0,2.5275735294117645,2.5010250102501024,2.494331065759637,2.5041736227045077,2.272727272727273,2.5641025641025643,
01079979800,Lawrence County,Lawrence County,0,3345,0.0,0.0,0,5.9,88833.0,2488.0,753,672,37.0,62.0,0.0,83,62.0,19,17,1.0,2.0,2.4813153961136023,2.491961414790997,2.5232403718459495,2.5297619047619047,2.7027027027027026,3.225806451612903,
01117030215,Shelby County,Shelby County,0,5095,0.0,0.0,0,5.8,92012.0,5195.0,1317,642,5.0,85.0,0.0,61,62.0,16,8,0.0,1.0,1.197252208047105,1.1934552454282965,1.2148823082763858,1.2461059190031152,0.0,1.1764705882352942,
01059973600,Franklin County,Franklin County,0,1744,0.0,0.0,1,28.4,54107.0,735.0,410,317,12.0,87.0,0.0,151,63.0,35,27,1.0,8.0,8.658256880733944,8.571428571428571,8.536585365853659,8.517350157728707,8.333333333333334,9.195402298850574,
01125011703,Tuscaloosa County,Tuscaloosa County,1,4526,0.0,0.31,1,35.3,34102.0,1668.0,1221,847,628.0,667.0,0.0,172,63.0,46,32,24.0,25.0,3.800265134776845,3.776978417266187,3.7674037674037675,3.7780401416765055,3.821656050955414,3.7481259370314843,
01055001700,Etowah County,Etowah County,1,1504,0.0,0.0,1,14.5,47625.0,644.0,270,354,102.0,135.0,0.0,149,64.0,27,35,10.0,13.0,9.90691489361702,9.937888198757763,10.0,9.887005649717514,9.803921568627452,9.62962962962963,
01079979700,Lawrence County,Lawrence County,0,1990,0.0,0.0,0,13.1,74135.0,1533.0,427,339,29.0,180.0,0.0,84,64.0,18,14,1.0,8.0,4.221105527638191,4.174820613176777,4.215456674473068,4.129793510324483,3.4482758620689653,4.444444444444445,
01045020100,Dale County,Dale County,0,3911,0.0,0.0,0,15.0,100455.0,2272.0,811,801,92.0,234.0,0.0,112,65.0,23,23,3.0,7.0,2.863717719253388,2.8609154929577465,2.8360049321824907,2.871410736579276,3.260869565217391,2.9914529914529915,
01013953500,Butler County,Butler County,0,1319,0.0,0.0,0,10.7,84938.0,923.0,305,305,24.0,59.0,0.0,94,66.0,22,22,2.0,4.0,7.12661106899166,7.150595882990249,7.213114754098361,7.213114754098361,8.333333333333334,6.779661016949152,
01073000400,Jefferson County,Jefferson County,1,2912,0.0,0.69,1,28.9,55293.0,1436.0,698,415,130.0,375.0,0.0,135,66.0,32,19,6.0,17.0,4.635989010989011,4.596100278551532,4.584527220630372,4.578313253012048,4.615384615384615,4.533333333333333,
01073014106,Jefferson County,Jefferson County,0,3002,0.0,0.0,0,4.6,89539.0,3076.0,632,652,0.0,54.0,0.0,65,67.0,14,14,0.0,1.0,2.1652231845436374,2.1781534460338103,2.2151898734177213,2.147239263803681,,1.8518518518518519,
01101005606,Montgomery County,Montgomery County,1,4770,0.0,0.0,1,38.0,62941.0,2325.0,1243,493,167.0,566.0,0.0,137,67.0,36,14,5.0,16.0,2.8721174004192873,2.881720430107527,2.8962188254223653,2.839756592292089,2.9940119760479043,2.8268551236749118,
01071951102,Jackson County,Jackson County,0,2876,0.0,0.49,1,12.3,61354.0,1525.0,571,632,29.0,218.0,0.0,128,68.0,25,28,1.0,10.0,4.450625869262865,4.459016393442623,4.378283712784588,4.430379746835443,3.4482758620689653,4.587155963302752,
01073014107,Jefferson County,Jefferson County,0,2093,0.0,0.0,1,6.2,70938.0,1531.0,422,416,4.0,44.0,0.0,93,68.0,19,19,0.0,2.0,4.4433827042522696,4.441541476159373,4.502369668246446,4.5673076923076925,0.0,4.545454545454546,
01101000400,Montgomery County,Montgomery County,1,4267,0.0,4.19,1,40.1,35673.0,1051.0,1147,632,61.0,546.0,0.0,283,70.0,76,42,4.0,36.0,6.63229435200375,6.660323501427212,6.6259808195292065,6.6455696202531644,6.557377049180328,6.593406593406593,
01101002902,Montgomery County,Montgomery County,1,3875,0.0,0.0,1,33.7,76049.0,2128.0,946,615,86.0,309.0,0.0,128,70.0,31,20,3.0,10.0,3.303225806451613,3.289473684210526,3.2769556025369977,3.252032520325203,3.488372093023256,3.236245954692557,
01101005904,Montgomery County,Montgomery County,0,2369,0.0,0.0,0,14.9,68553.0,1825.0,437,546,68.0,252.0,0.0,91,70.0,17,21,3.0,10.0,3.8412832418742084,3.835616438356164,3.8901601830663615,3.8461538461538463,4.411764705882353,3.9682539682539684,
01113031100,Russell County,Russell County,0,1539,0.0,0.0,1,17.6,61685.0,776.0,245,417,75.0,186.0,0.0,139,70.0,22,38,7.0,17.0,9.03183885640026,9.02061855670103,8.979591836734693,9.112709832134293,9.333333333333334,9.13978494623656,
01071950601,Jackson County,Jackson County,0,3109,0.0,0.0,1,11.2,65737.0,1981.0,586,626,98.0,209.0,0.0,112,71.0,21,23,4.0,8.0,3.602444515921518,3.5840484603735487,3.583617747440273,3.6741214057507987,4.081632653061225,3.827751196172249,
01071950500,Jackson County,Jackson County,0,3416,0.0,0.82,1,12.8,63095.0,2076.0,724,692,15.0,131.0,0.0,118,72.0,25,24,1.0,5.0,3.4543325526932085,3.468208092485549,3.453038674033149,3.468208092485549,6.666666666666667,3.816793893129771,
01047956900,Dallas County,Dallas County,0,2303,0.0,0.0,1,45.0,66136.0,793.0,455,459,46.0,242.0,0.0,213,73.0,42,42,4.0,22.0,9.24880590534086,9.205548549810844,9.23076923076923,9.15032679738562,8.695652173913043,9.090909090909092,
01055000500,Etowah County,Etowah County,1,1810,0.0,0.0,1,27.9,55700.0,1025.0,446,279,25.0,105.0,0.0,129,73.0,32,20,2.0,7.0,7.12707182320442,7.121951219512195,7.174887892376682,7.168458781362007,8.0,6.666666666666667,
01073011804,Jefferson County,Jefferson County,1,2987,0.0,0.0,1,17.6,62609.0,1918.0,781,364,47.0,265.0,0.0,113,73.0,30,14,2.0,10.0,3.783059926347506,3.8060479666319083,3.8412291933418694,3.8461538461538463,4.25531914893617,3.7735849056603774,
01017953800,Chambers County,Chambers County,0,3156,0.0,0.0,1,24.3,60536.0,2154.0,455,884,73.0,255.0,0.0,109,74.0,16,30,3.0,9.0,3.453738910012674,3.4354688950789227,3.5164835164835164,3.3936651583710407,4.109589041095891,3.5294117647058822,
01095030302,Marshall County,Marshall County,0,4363,0.0,0.0,0,8.2,103582.0,3482.0,843,993,37.0,64.0,0.0,95,76.0,18,22,1.0,1.0,2.1774008709603483,2.182653647329121,2.1352313167259784,2.215508559919436,2.7027027027027026,1.5625,
01097002301,Mobile County,Mobile County,1,1897,0.0,0.42,1,21.3,57279.0,1041.0,516,247,77.0,292.0,0.0,139,76.0,38,18,6.0,21.0,7.327358987875593,7.300672430355427,7.364341085271318,7.287449392712551,7.792207792207792,7.191780821917808,
01121011900,Talladega County,Talladega County,1,2711,0.0,5.72,0,10.5,76067.0,1451.0,574,568,27.0,110.0,0.0,141,76.0,30,30,1.0,6.0,5.201032829214312,5.23776705720193,5.2264808362369335,5.28169014084507,3.7037037037037037,5.454545454545454,
01041963600,Crenshaw County,Crenshaw County,0,2829,0.0,0.0,1,14.4,63818.0,1767.0,622,637,45.0,195.0,0.0,124,77.0,27,28,2.0,9.0,4.383174266525274,4.357668364459536,4.340836012861736,4.395604395604396,4.444444444444445,4.615384615384615,
01085781100,Lowndes County,Lowndes County,0,1535,0.0,0.0,1,48.5,31964.0,405.0,328,295,34.0,333.0,0.0,292,77.0,62,56,6.0,63.0,19.022801302931597,19.012345679012345,18.902439024390244,18.983050847457626,17.647058823529413,18.91891891891892,
01077010800,Lauderdale County,Lauderdale County,1,3670,0.0,0.41,1,26.4,53266.0,1500.0,902,546,154.0,389.0,0.0,192,78.0,47,29,8.0,20.0,5.231607629427793,5.2,5.210643015521065,5.311355311355311,5.194805194805195,5.141388174807198,
01055001300,Etowah County,Etowah County,1,2346,0.0,1.75,1,25.4,68250.0,1162.0,578,265,87.0,234.0,0.0,160,79.0,39,18,6.0,16.0,6.820119352088661,6.798623063683305,6.747404844290657,6.7924528301886795,6.896551724137931,6.837606837606837,
01005950400,Barbour County,Barbour County,0,3998,0.0,32.67,1,28.6,50179.0,1124.0,553,669,110.0,199.0,0.0,285,80.0,39,48,8.0,14.0,7.12856428214107,7.117437722419929,7.052441229656419,7.174887892376682,7.2727272727272725,7.035175879396985,
01023956700,Choctaw County,Choctaw County,0,2783,0.0,0.0,1,22.0,74271.0,1078.0,515,637,147.0,175.0,0.0,207,80.0,38,47,11.0,13.0,7.43801652892562,7.421150278293135,7.378640776699029,7.378335949764521,7.482993197278912,7.428571428571429,
01057020300,Fayette County,Fayette County,0,3625,0.0,1.19,1,27.7,59824.0,1879.0,830,790,171.0,382.0,0.0,154,80.0,35,33,7.0,16.0,4.248275862068965,4.25758382118148,4.216867469879518,4.177215189873418,4.093567251461988,4.18848167539267,
01071950800,Jackson County,Jackson County,1,4135,0.0,7.98,1,24.7,65875.0,2076.0,868,916,110.0,285.0,0.0,163,82.0,34,36,4.0,11.0,3.9419588875453444,3.94990366088632,3.9170506912442398,3.930131004366812,3.6363636363636362,3.8596491228070176,
01089011027,Madison County,Madison County,1,3105,0.0,0.0,0,5.7,106857.0,2830.0,613,341,14.0,114.0,0.0,90,82.0,18,10,0.0,3.0,2.898550724637681,2.8975265017667846,2.936378466557912,2.932551319648094,0.0,2.6315789473684212,
01097001200,Mobile County,Mobile County,1,2447,0.0,54.56,1,29.5,54688.0,647.0,210,257,24.0,193.0,0.0,310,82.0,27,33,3.0,24.0,12.668573763792399,12.673879443585781,12.857142857142858,12.84046692607004,12.5,12.435233160621761,
01067030100,Henry County,Henry County,0,1675,0.0,0.0,1,31.8,99375.0,840.0,308,434,42.0,71.0,0.0,166,83.0,31,43,4.0,7.0,9.91044776119403,9.880952380952381,10.064935064935066,9.90783410138249,9.523809523809524,9.859154929577464,
01097005500,Mobile County,Mobile County,1,3005,0.0,0.43,1,19.4,66250.0,1183.0,804,479,113.0,231.0,0.0,210,83.0,56,33,8.0,16.0,6.988352745424293,7.016060862214708,6.965174129353234,6.8893528183716075,7.079646017699115,6.926406926406926,
01001021100,Autauga County,Autauga County,0,3185,0.0,1.98,1,20.1,55714.0,1764.0,612,652,59.0,246.0,0.0,155,86.0,30,32,3.0,12.0,4.866562009419153,4.875283446712018,4.901960784313726,4.9079754601226995,5.084745762711864,4.878048780487805,
01089000302,Madison County,Madison County,1,3580,0.0,0.0,1,33.5,38611.0,1868.0,908,554,13.0,564.0,0.0,166,86.0,42,26,1.0,26.0,4.636871508379889,4.6038543897216275,4.6255506607929515,4.693140794223827,7.6923076923076925,4.609929078014185,
01073011806,Jefferson County,Jefferson County,1,3651,0.0,0.0,1,20.7,42256.0,1438.0,1047,414,156.0,81.0,0.0,224,88.0,64,25,10.0,5.0,6.135305395781978,6.119610570236439,6.112702960840497,6.038647342995169,6.410256410256411,6.172839506172839,
01099075800,Monroe County,Monroe County,0,1085,0.0,0.0,1,15.7,51438.0,636.0,190,263,33.0,17.0,0.0,152,89.0,27,37,5.0,2.0,14.009216589861751,13.9937106918239,14.210526315789474,14.068441064638783,15.151515151515152,11.764705882352942,
01007010008,Bibb County,Bibb County,0,2770,0.0,0.0,1,22.1,85452.0,1596.0,603,490,124.0,233.0,0.0,156,90.0,34,28,7.0,13.0,5.631768953068592,5.639097744360902,5.638474295190713,5.714285714285714,5.645161290322581,5.579399141630901,
01133965502,Winston County,Winston County,0,2728,0.0,0.7,0,18.2,71453.0,2193.0,426,766,41.0,158.0,0.0,113,91.0,18,32,2.0,7.0,4.142228739002933,4.149566803465572,4.225352112676056,4.177545691906006,4.878048780487805,4.430379746835443,
01033020902,Colbert County,Colbert County,0,3712,0.0,1.05,0,8.4,80049.0,2785.0,659,785,24.0,85.0,0.0,122,92.0,22,26,1.0,3.0,3.2866379310344827,3.3034111310592458,3.338391502276176,3.3121019108280256,4.166666666666667,3.5294117647058822,
01081041101,Lee County,Lee County,1,2070,0.0,16.23,1,18.9,63750.0,1139.0,346,366,162.0,334.0,0.0,171,94.0,29,30,13.0,28.0,8.26086956521739,8.252853380158033,8.38150289017341,8.19672131147541,8.024691358024691,8.383233532934131,
01065040401,Hale County,Hale County,0,3153,0.0,2.6,1,34.8,46371.0,1000.0,711,674,171.0,379.0,0.0,301,95.0,68,64,16.0,36.0,9.546463685379004,9.5,9.563994374120956,9.495548961424332,9.35672514619883,9.49868073878628,
01097003301,Mobile County,Mobile County,1,2871,0.0,2.54,0,16.4,83750.0,1378.0,585,414,33.0,146.0,0.0,197,95.0,40,28,2.0,10.0,6.861720654824103,6.894049346879536,6.837606837606837,6.763285024154589,6.0606060606060606,6.8493150684931505,
01085781000,Lowndes County,Lowndes County,0,2710,0.0,0.0,1,28.3,53602.0,1352.0,500,605,185.0,405.0,0.0,193,96.0,36,43,13.0,29.0,7.121771217712177,7.100591715976331,7.2,7.107438016528926,7.027027027027027,7.160493827160494,
01109188700,Pike County,Pike County,0,1718,0.0,0.0,1,17.2,58214.0,929.0,381,316,38.0,154.0,0.0,181,98.0,40,33,4.0,16.0,10.535506402793946,10.54897739504844,10.498687664041995,10.443037974683545,10.526315789473685,10.38961038961039,
01125010601,Tuscaloosa County,Tuscaloosa County,0,5706,0.0,0.0,0,5.3,90920.0,4424.0,1357,754,17.0,128.0,0.0,126,98.0,30,17,0.0,3.0,2.2082018927444795,2.2151898734177213,2.210759027266028,2.2546419098143238,0.0,2.34375,
01125012800,Tuscaloosa County,Tuscaloosa County,1,2071,0.0,0.0,1,20.0,51706.0,827.0,582,198,41.0,189.0,0.0,244,98.0,69,23,5.0,22.0,11.78174794785128,11.85006045949214,11.855670103092784,11.616161616161616,12.195121951219512,11.640211640211641,
01057020000,Fayette County,Fayette County,0,1501,0.0,0.0,0,1.9,92596.0,1112.0,311,294,25.0,46.0,0.0,134,100.0,28,26,2.0,4.0,8.927381745502998,8.992805755395683,9.003215434083602,8.843537414965986,8.0,8.695652173913043,
01125010500,Tuscaloosa County,Tuscaloosa County,1,2198,0.0,0.0,1,21.7,48885.0,857.0,490,311,39.0,116.0,0.0,258,100.0,57,36,5.0,14.0,11.737943585077343,11.668611435239207,11.63265306122449,11.57556270096463,12.820512820512821,12.068965517241379,
01007010011,Bibb County,Bibb County,0,3253,0.0,46.48,1,18.1,72857.0,1267.0,392,354,28.0,76.0,0.0,263,102.0,32,29,2.0,6.0,8.08484475868429,8.050513022888714,8.16326530612245,8.192090395480227,7.142857142857143,7.894736842105263,
01039962500,Covington County,Covington County,1,1550,0.0,8.97,1,22.7,60625.0,741.0,307,452,29.0,48.0,0.0,213,102.0,42,62,4.0,7.0,13.741935483870968,13.765182186234817,13.680781758957655,13.716814159292035,13.793103448275861,14.583333333333334,
01053969801,Escambia County,Escambia County,0,1453,0.0,0.0,1,27.4,77625.0,676.0,331,311,0.0,60.0,0.0,220,102.0,50,47,0.0,9.0,15.141087405368204,15.088757396449704,15.105740181268882,15.112540192926046,,15.0,
01107050200,Pickens County,Pickens County,0,1847,0.0,0.0,1,11.2,62500.0,1450.0,283,499,54.0,122.0,0.0,130,102.0,20,35,4.0,9.0,7.038440714672442,7.0344827586206895,7.067137809187279,7.014028056112225,7.407407407407407,7.377049180327869,
01013953200,Butler County,Butler County,0,3987,0.0,0.0,1,20.4,57404.0,2277.0,856,878,125.0,167.0,0.0,180,103.0,39,40,6.0,8.0,4.514672686230249,4.523495827843654,4.55607476635514,4.555808656036446,4.8,4.790419161676646,
01099076200,Monroe County,Monroe County,0,1698,0.0,0.0,0,13.8,76838.0,1000.0,302,393,6.0,50.0,0.0,175,103.0,31,41,1.0,5.0,10.306242638398116,10.3,10.264900662251655,10.432569974554708,16.666666666666668,10.0,
01045020700,Dale County,Dale County,1,3358,0.0,1.55,1,50.0,28442.0,964.0,854,515,158.0,695.0,0.0,364,104.0,93,56,17.0,75.0,10.839785586658726,10.78838174273859,10.889929742388759,10.87378640776699,10.759493670886076,10.79136690647482,
01073012003,Jefferson County,Jefferson County,1,2246,0.0,0.0,0,6.0,79028.0,1460.0,503,300,32.0,43.0,0.0,163,106.0,37,22,2.0,3.0,7.257346393588602,7.260273972602739,7.355864811133201,7.333333333333333,6.25,6.976744186046512,
01073013300,Jefferson County,Jefferson County,1,3074,0.0,4.68,1,24.9,63582.0,1600.0,698,655,69.0,506.0,0.0,204,106.0,46,44,5.0,34.0,6.636304489264802,6.625,6.590257879656161,6.717557251908397,7.246376811594203,6.719367588932807,
01055000300,Etowah County,Etowah County,1,2350,0.0,0.0,1,59.3,25606.0,512.0,650,403,89.0,396.0,0.0,490,107.0,136,84,19.0,83.0,20.851063829787233,20.8984375,20.923076923076923,20.843672456575682,21.348314606741575,20.95959595959596,
01133965501,Winston County,Winston County,0,2219,0.0,0.0,0,10.0,67813.0,1257.0,407,454,45.0,79.0,0.0,189,107.0,35,39,4.0,7.0,8.517350157728707,8.512330946698489,8.5995085995086,8.590308370044053,8.88888888888889,8.860759493670885,
01045020500,Dale County,Dale County,1,1934,0.0,1.09,1,26.5,92250.0,955.0,460,383,67.0,140.0,0.0,220,109.0,52,44,8.0,16.0,11.375387797311271,11.413612565445026,11.304347826086957,11.488250652741515,11.940298507462687,11.428571428571429,
01065040000,Hale County,Hale County,0,3624,0.0,2.12,0,15.4,83750.0,3409.0,847,601,81.0,245.0,0.0,119,112.0,28,20,3.0,8.0,3.2836644591611477,3.2854209445585214,3.3057851239669422,3.327787021630616,3.7037037037037037,3.2653061224489797,
01069040500,Houston County,Houston County,1,3566,0.0,0.0,0,9.5,72162.0,2356.0,700,774,54.0,182.0,0.0,169,112.0,33,37,3.0,9.0,4.739203589455973,4.753820033955857,4.714285714285714,4.780361757105943,5.555555555555555,4.945054945054945,
01097003608,Mobile County,Mobile County,1,1279,0.0,0.0,1,9.7,47003.0,548.0,297,194,5.0,51.0,0.0,261,112.0,61,40,1.0,10.0,20.40656763096169,20.437956204379564,20.53872053872054,20.61855670103093,20.0,19.607843137254903,
01069041100,Houston County,Houston County,1,3674,0.0,0.16,1,29.7,49427.0,1886.0,817,644,109.0,345.0,0.0,225,116.0,50,40,7.0,21.0,6.124115405552531,6.150583244962885,6.119951040391677,6.211180124223603,6.422018348623853,6.086956521739131,
01091973100,Marengo County,Marengo County,0,1717,0.0,0.0,1,26.9,48485.0,648.0,311,370,94.0,198.0,0.0,311,117.0,56,67,17.0,36.0,18.112987769365173,18.055555555555557,18.006430868167204,18.10810810810811,18.085106382978722,18.181818181818183,
01089001302,Madison County,Madison County,1,1968,0.0,0.0,1,10.7,60750.0,1211.0,359,282,2.0,149.0,0.0,193,119.0,35,28,0.0,15.0,9.80691056910569,9.826589595375722,9.749303621169917,9.929078014184396,0.0,10.06711409395973,
01081040300,Lee County,Lee County,1,2576,0.0,0.97,1,32.8,76292.0,1491.0,388,241,143.0,59.0,0.0,207,120.0,31,19,11.0,5.0,8.035714285714286,8.048289738430583,7.989690721649485,7.8838174273858925,7.6923076923076925,8.474576271186441,
01031010100,Coffee County,Coffee County,0,2143,0.0,0.0,1,16.7,61875.0,1065.0,498,433,56.0,114.0,0.0,246,122.0,57,50,6.0,13.0,11.479234717685488,11.455399061032864,11.44578313253012,11.547344110854503,10.714285714285714,11.403508771929825,
01033020600,Colbert County,Colbert County,1,4769,0.0,1.93,0,9.8,68952.0,3275.0,1006,1132,202.0,320.0,0.0,179,123.0,38,42,8.0,12.0,3.7534074229398198,3.7557251908396947,3.7773359840954273,3.7102473498233217,3.9603960396039604,3.75,
01073005905,Jefferson County,Jefferson County,1,5577,0.0,0.16,1,21.7,57580.0,3131.0,1604,676,12.0,469.0,0.0,220,124.0,63,27,0.0,19.0,3.9447731755424065,3.9603960396039604,3.9276807980049875,3.9940828402366866,0.0,4.051172707889126,
01101005402,Montgomery County,Montgomery County,1,5486,0.0,0.0,1,31.5,54606.0,2809.0,1537,738,72.0,682.0,0.0,243,124.0,68,33,3.0,30.0,4.429456799125045,4.41438234247063,4.424202992843201,4.471544715447155,4.166666666666667,4.39882697947214,
01107050000,Pickens County,Pickens County,0,4428,0.0,0.0,0,16.1,78558.0,2452.0,993,907,78.0,231.0,0.0,224,124.0,50,46,4.0,12.0,5.058717253839205,5.057096247960848,5.0352467270896275,5.071664829106946,5.128205128205129,5.194805194805195,
01091973300,Marengo County,Marengo County,0,1918,0.0,0.0,0,13.2,90018.0,1133.0,363,447,14.0,53.0,0.0,213,126.0,40,50,2.0,6.0,11.10531803962461,11.120917917034422,11.019283746556473,11.185682326621924,14.285714285714286,11.320754716981131,
01083021000,Limestone County,Limestone County,1,2386,0.0,0.0,1,5.6,56433.0,1508.0,505,398,0.0,132.0,0.0,201,127.0,42,33,0.0,11.0,8.424140821458508,8.421750663129973,8.316831683168317,8.291457286432161,,8.333333333333334,
01097003711,Mobile County,Mobile County,1,2727,0.0,0.0,0,4.9,100496.0,1746.0,525,456,40.0,241.0,0.0,199,127.0,38,33,3.0,18.0,7.297396406307297,7.2737686139747995,7.238095238095238,7.2368421052631575,7.5,7.468879668049793,
01093964300,Marion County,Marion County,0,4502,0.0,0.0,0,9.5,73194.0,3166.0,1044,869,105.0,309.0,0.0,183,128.0,42,35,4.0,13.0,4.0648600621945805,4.042956411876184,4.022988505747127,4.027617951668584,3.8095238095238093,4.207119741100324,
01095030602,Marshall County,Marshall County,0,4015,0.0,0.22,1,25.8,87584.0,2797.0,971,741,122.0,316.0,0.0,184,128.0,44,34,6.0,14.0,4.582814445828144,4.576331784054344,4.531410916580844,4.588394062078272,4.918032786885246,4.430379746835443,
01109188600,Pike County,Pike County,0,2183,0.0,0.0,1,12.8,64293.0,1611.0,454,490,12.0,107.0,0.0,176,130.0,37,39,1.0,9.0,8.062299587723317,8.069522036002484,8.14977973568282,7.959183673469388,8.333333333333334,8.411214953271028,
01099075600,Monroe County,Monroe County,0,926,0.0,0.0,0,13.7,87961.0,538.0,156,236,29.0,61.0,0.0,227,132.0,38,58,7.0,15.0,24.51403887688985,24.53531598513011,24.358974358974358,24.576271186440678,24.137931034482758,24.59016393442623,
01025958003,Clarke County,Clarke County,0,2803,0.0,0.0,1,27.2,89866.0,1755.0,594,488,295.0,398.0,0.0,212,133.0,45,37,22.0,30.0,7.563325008919016,7.578347578347579,7.575757575757576,7.581967213114754,7.4576271186440675,7.5376884422110555,
01089002502,Madison County,Madison County,1,3339,0.0,4.01,1,5.9,58088.0,1926.0,734,307,83.0,145.0,0.0,230,133.0,51,21,6.0,10.0,6.888289907157832,6.905503634475597,6.948228882833788,6.840390879478828,7.228915662650603,6.896551724137931,
01087231700,Macon County,Macon County,1,2191,1.0,83.89,1,50.4,,162.0,72,44,61.0,58.0,1.0,1829,135.0,60,37,51.0,48.0,83.4778639890461,83.33333333333333,83.33333333333333,84.0909090909091,83.60655737704919,82.75862068965517,
01027959100,Clay County,Clay County,0,2940,0.0,0.0,1,21.0,67717.0,1893.0,597,573,45.0,180.0,0.0,212,137.0,43,41,3.0,13.0,7.210884353741497,7.237189646064448,7.202680067001675,7.155322862129145,6.666666666666667,7.222222222222222,
01073013400,Jefferson County,Jefferson County,1,4420,0.0,0.0,1,20.9,72902.0,2417.0,976,820,111.0,407.0,0.0,255,140.0,56,47,6.0,23.0,5.769230769230769,5.792304509722797,5.737704918032787,5.7317073170731705,5.405405405405405,5.651105651105651,
01103005303,Morgan County,Morgan County,1,3893,0.0,1.54,0,13.2,92083.0,2779.0,877,807,66.0,227.0,0.0,196,140.0,44,41,3.0,11.0,5.034677626509119,5.037783375314861,5.017103762827822,5.080545229244114,4.545454545454546,4.845814977973569,
01091973400,Marengo County,Marengo County,0,4162,0.0,1.73,0,9.2,115833.0,3335.0,911,897,177.0,227.0,0.0,175,141.0,38,38,7.0,10.0,4.204709274387314,4.227886056971514,4.171240395170143,4.23634336677815,3.9548022598870056,4.405286343612334,
01113030700,Russell County,Russell County,1,3619,0.0,3.51,1,25.6,41339.0,1702.0,980,483,294.0,558.0,0.0,304,143.0,82,41,25.0,47.0,8.400110527770103,8.401880141010576,8.36734693877551,8.488612836438923,8.503401360544217,8.422939068100359,
01125012404,Tuscaloosa County,Tuscaloosa County,1,3908,0.0,0.72,1,22.4,67903.0,2077.0,761,499,346.0,263.0,0.0,269,143.0,52,34,24.0,18.0,6.883316274309109,6.8849301877708236,6.83311432325887,6.813627254509018,6.936416184971098,6.844106463878327,
01097003502,Mobile County,Mobile County,1,2715,0.0,0.33,0,3.0,188284.0,2554.0,608,615,10.0,0.0,0.0,154,145.0,34,35,1.0,0.0,5.672191528545119,5.677368833202819,5.592105263157895,5.691056910569106,10.0,,
01073013002,Jefferson County,Jefferson County,1,1811,0.0,0.0,1,39.7,35545.0,667.0,499,362,173.0,362.0,0.0,397,146.0,109,79,38.0,79.0,21.921590281612367,21.88905547226387,21.8436873747495,21.823204419889503,21.965317919075144,21.823204419889503,
01059973400,Franklin County,Franklin County,0,2682,0.0,5.0,1,23.3,65293.0,1278.0,597,616,122.0,221.0,0.0,311,148.0,69,71,14.0,26.0,11.595824011931395,11.580594679186229,11.557788944723619,11.525974025974026,11.475409836065573,11.764705882352942,
01091973002,Marengo County,Marengo County,0,2829,0.0,4.14,1,24.6,65521.0,1214.0,513,686,38.0,135.0,0.0,348,149.0,63,84,5.0,17.0,12.30116648992577,12.273476112026358,12.280701754385966,12.244897959183673,13.157894736842104,12.592592592592593,
01053970200,Escambia County,Escambia County,1,1578,0.0,15.4,1,21.2,44965.0,704.0,299,308,6.0,84.0,0.0,338,151.0,64,66,1.0,18.0,21.419518377693283,21.448863636363637,21.40468227424749,21.428571428571427,16.666666666666668,21.428571428571427,
01073001400,Jefferson County,Jefferson County,1,1791,0.0,0.56,1,26.0,50400.0,905.0,318,412,59.0,299.0,0.0,301,152.0,53,69,10.0,50.0,16.806253489670574,16.795580110497237,16.666666666666668,16.74757281553398,16.949152542372882,16.722408026755854,
01097005900,Mobile County,Mobile County,0,4645,0.0,0.0,1,20.7,66741.0,2895.0,1150,825,41.0,317.0,0.0,245,153.0,61,43,2.0,17.0,5.27448869752422,5.284974093264249,5.304347826086956,5.212121212121212,4.878048780487805,5.3627760252365935,
01065040500,Hale County,Hale County,0,1480,0.0,0.0,1,13.7,67857.0,889.0,343,314,65.0,136.0,0.0,258,155.0,60,55,11.0,24.0,17.43243243243243,17.435320584926885,17.49271137026239,17.515923566878982,16.923076923076923,17.647058823529413,
01097003203,Mobile County,Mobile County,1,3656,0.0,0.08,0,18.4,83446.0,1890.0,897,393,47.0,288.0,0.0,300,155.0,74,32,4.0,24.0,8.205689277899344,8.201058201058201,8.249721293199554,8.142493638676845,8.51063829787234,8.333333333333334,
01019955900,Cherokee County,Cherokee County,0,4171,0.0,0.0,0,15.4,102662.0,3135.0,948,798,0.0,186.0,0.0,210,158.0,48,40,0.0,9.0,5.034763845600575,5.039872408293461,5.063291139240507,5.012531328320802,,4.838709677419355,
01087232000,Macon County,Macon County,1,1583,0.0,6.13,1,18.1,51883.0,730.0,286,400,33.0,38.0,0.0,343,158.0,62,87,7.0,8.0,21.667719519898927,21.643835616438356,21.678321678321677,21.75,21.21212121212121,21.05263157894737,
01097006411,Mobile County,Mobile County,1,5045,0.0,0.0,0,3.8,75685.0,3201.0,1191,861,0.0,289.0,0.0,249,158.0,59,43,0.0,14.0,4.935579781962339,4.935957513277101,4.953820319059614,4.994192799070848,,4.844290657439446,
01071950301,Jackson County,Jackson County,0,2628,0.0,0.0,1,14.9,58750.0,1372.0,563,554,1.0,111.0,0.0,304,159.0,65,64,0.0,13.0,11.567732115677321,11.588921282798834,11.545293072824157,11.552346570397113,0.0,11.711711711711711,
01097003000,Mobile County,Mobile County,1,3515,0.0,2.79,1,11.9,57865.0,1543.0,739,694,39.0,319.0,0.0,371,163.0,78,73,4.0,34.0,10.554765291607398,10.563836681788723,10.554803788903925,10.518731988472622,10.256410256410257,10.658307210031348,
01127021300,Walker County,Walker County,0,3531,0.0,0.0,1,22.6,60268.0,1709.0,696,782,31.0,129.0,0.0,337,163.0,66,75,3.0,12.0,9.544038516001132,9.537741369221767,9.482758620689655,9.59079283887468,9.67741935483871,9.30232558139535,
01101005302,Montgomery County,Montgomery County,1,2198,0.0,0.0,1,26.8,68281.0,1152.0,644,242,56.0,358.0,0.0,313,164.0,92,35,8.0,51.0,14.24021838034577,14.23611111111111,14.285714285714286,14.462809917355372,14.285714285714286,14.245810055865922,
01073002100,Jefferson County,Jefferson County,1,2986,0.0,4.62,1,34.0,52344.0,1140.0,689,438,132.0,448.0,0.0,432,165.0,100,63,19.0,65.0,14.467515070328199,14.473684210526315,14.513788098693759,14.383561643835616,14.393939393939394,14.508928571428571,
01069040301,Houston County,Houston County,1,3883,0.0,0.0,0,16.0,67895.0,2289.0,897,637,130.0,242.0,0.0,281,166.0,65,46,9.0,18.0,7.23667267576616,7.252075141983399,7.246376811594203,7.221350078492936,6.923076923076923,7.43801652892562,
01073011209,Jefferson County,Jefferson County,1,3236,0.0,0.19,1,24.5,79515.0,1439.0,1047,262,300.0,314.0,0.0,374,166.0,121,30,35.0,36.0,11.557478368355994,11.53578874218207,11.556829035339064,11.450381679389313,11.666666666666666,11.464968152866241,
01081040904,Lee County,Lee County,1,5637,0.0,0.69,1,30.5,74841.0,3113.0,1058,361,19.0,129.0,0.0,302,167.0,57,19,1.0,7.0,5.357459641653362,5.364600064246708,5.387523629489603,5.2631578947368425,5.2631578947368425,5.426356589147287,
01097006403,Mobile County,Mobile County,1,1789,0.0,0.0,1,14.3,60000.0,1196.0,455,230,4.0,105.0,0.0,249,167.0,63,32,1.0,15.0,13.918390162101733,13.963210702341136,13.846153846153847,13.91304347826087,25.0,14.285714285714286,
01033020704,Colbert County,Colbert County,1,4727,0.0,0.0,0,7.9,81045.0,2771.0,1074,931,167.0,119.0,0.0,287,168.0,65,57,10.0,7.0,6.071504125237994,6.062793215445687,6.052141527001862,6.122448979591836,5.9880239520958085,5.882352941176471,
01059973100,Franklin County,Franklin County,0,2499,0.0,0.0,0,3.1,98667.0,1765.0,536,466,32.0,94.0,0.0,237,168.0,51,44,3.0,9.0,9.483793517406962,9.51841359773371,9.514925373134329,9.44206008583691,9.375,9.574468085106384,
01067030600,Henry County,Henry County,0,1519,0.0,0.0,0,15.8,69250.0,1123.0,321,342,24.0,66.0,0.0,227,168.0,48,51,4.0,10.0,14.944042132982226,14.959928762243988,14.953271028037383,14.912280701754385,16.666666666666668,15.151515151515152,
01069041400,Houston County,Houston County,1,3311,0.0,4.35,1,38.1,39125.0,1129.0,830,583,298.0,544.0,0.0,492,168.0,123,87,44.0,81.0,14.859559045605558,14.88042515500443,14.819277108433734,14.922813036020584,14.765100671140939,14.889705882352942,
01055010201,Etowah County,Etowah County,1,2702,0.0,0.85,0,17.0,70189.0,1367.0,672,453,39.0,126.0,0.0,333,169.0,83,56,5.0,16.0,12.32420429311621,12.36283833211412,12.351190476190476,12.362030905077262,12.820512820512821,12.698412698412698,
01107050401,Pickens County,Pickens County,0,2007,0.0,4.04,1,29.1,54471.0,831.0,446,418,90.0,143.0,0.0,409,169.0,91,85,18.0,29.0,20.378674638764323,20.33694344163658,20.40358744394619,20.33492822966507,20.0,20.27972027972028,
01123962400,Tallapoosa County,Tallapoosa County,0,4620,0.0,5.09,0,10.8,78882.0,2962.0,941,959,91.0,211.0,0.0,266,171.0,54,55,5.0,12.0,5.757575757575758,5.773126266036462,5.738575982996812,5.735140771637122,5.4945054945054945,5.687203791469194,
01047956702,Dallas County,Dallas County,1,1471,0.0,0.0,1,30.3,56791.0,917.0,357,264,18.0,103.0,0.0,282,176.0,68,51,3.0,20.0,19.170632222977567,19.19302071973828,19.047619047619047,19.318181818181817,16.666666666666668,19.41747572815534,
01133965601,Winston County,Winston County,0,2077,0.0,2.07,1,25.3,63583.0,1218.0,398,473,29.0,104.0,0.0,303,178.0,58,69,4.0,15.0,14.588348579682235,14.614121510673234,14.57286432160804,14.587737843551798,13.793103448275861,14.423076923076923,
01031011300,Coffee County,Coffee County,1,4632,0.0,4.36,1,24.9,51723.0,1858.0,1255,866,195.0,397.0,0.0,445,179.0,121,83,19.0,38.0,9.607081174438687,9.634015069967708,9.641434262948207,9.584295612009237,9.743589743589743,9.571788413098236,
01129044100,Washington County,Washington County,0,3036,0.0,0.0,0,14.4,75492.0,1549.0,633,668,14.0,121.0,0.0,351,179.0,73,77,2.0,14.0,11.561264822134387,11.555842479018722,11.532385466034755,11.52694610778443,14.285714285714286,11.570247933884298,
01047957301,Dallas County,Dallas County,1,2284,0.0,0.0,1,39.0,32060.0,847.0,598,306,158.0,463.0,0.0,484,180.0,127,65,34.0,98.0,21.19089316987741,21.251475796930343,21.237458193979933,21.241830065359476,21.518987341772153,21.166306695464364,
01113031200,Russell County,Russell County,0,3866,0.0,0.26,0,7.2,78087.0,2385.0,758,785,119.0,172.0,0.0,291,180.0,57,59,9.0,13.0,7.527159855147439,7.547169811320755,7.519788918205805,7.515923566878981,7.563025210084033,7.558139534883721,
01025957901,Clarke County,Clarke County,0,3274,0.0,0.27,1,22.1,82056.0,2127.0,661,721,219.0,300.0,0.0,279,181.0,56,61,19.0,26.0,8.521686010995724,8.50963798777621,8.472012102874432,8.460471567267684,8.67579908675799,8.666666666666666,
01003010100,Baldwin County,Baldwin County,0,3745,0.0,0.77,1,18.0,72697.0,2391.0,754,859,41.0,320.0,0.0,286,182.0,57,65,3.0,24.0,7.636849132176235,7.6118778753659555,7.559681697612732,7.566938300349244,7.317073170731708,7.5,
01083020700,Limestone County,Limestone County,1,2582,0.0,3.41,1,30.8,70313.0,1329.0,607,305,229.0,358.0,0.0,353,182.0,83,42,31.0,49.0,13.67157242447715,13.694507148231754,13.673805601317957,13.770491803278688,13.537117903930131,13.687150837988828,
01097003606,Mobile County,Mobile County,1,3907,0.0,0.0,1,29.9,78971.0,1959.0,625,492,235.0,114.0,0.0,367,184.0,59,46,22.0,11.0,9.393396467878167,9.392547217968351,9.44,9.34959349593496,9.361702127659575,9.649122807017545,
01047957200,Dallas County,Dallas County,1,1592,0.0,0.0,1,16.1,48412.0,784.0,340,332,37.0,251.0,0.0,375,185.0,80,78,9.0,59.0,23.555276381909547,23.596938775510203,23.529411764705884,23.49397590361446,24.324324324324323,23.50597609561753,
01069040302,Houston County,Houston County,1,3916,0.0,0.15,1,26.1,53214.0,1902.0,927,612,109.0,299.0,0.0,381,185.0,90,60,11.0,29.0,9.729315628192033,9.726603575184017,9.70873786407767,9.803921568627452,10.091743119266056,9.698996655518394,
01107050402,Pickens County,Pickens County,0,2783,0.0,0.0,0,13.0,72434.0,1657.0,625,574,77.0,190.0,0.0,312,186.0,70,64,9.0,21.0,11.210923463887891,11.225105612552806,11.2,11.149825783972126,11.688311688311689,11.052631578947368,
01103000300,Morgan County,Morgan County,1,2910,0.0,0.0,0,11.5,75694.0,2008.0,659,515,143.0,245.0,0.0,272,188.0,62,48,13.0,23.0,9.347079037800688,9.362549800796813,9.408194233687405,9.320388349514563,9.090909090909092,9.387755102040817,
01081040403,Lee County,Lee County,1,1965,0.0,0.0,1,20.6,135908.0,1307.0,367,375,0.0,5.0,0.0,291,193.0,54,55,0.0,1.0,14.80916030534351,14.76664116296863,14.713896457765667,14.666666666666666,,20.0,
01089010627,Madison County,Madison County,1,4502,0.0,0.0,0,9.9,111469.0,4166.0,488,424,203.0,101.0,0.0,210,194.0,23,20,9.0,5.0,4.664593513993781,4.656745079212674,4.713114754098361,4.716981132075472,4.433497536945813,4.9504950495049505,
01097003703,Mobile County,Mobile County,1,3894,0.0,0.77,1,11.6,51667.0,1918.0,786,789,168.0,377.0,0.0,396,195.0,80,80,17.0,38.0,10.169491525423728,10.166840458811262,10.178117048346056,10.139416983523448,10.119047619047619,10.079575596816976,
01001020200,Autauga County,Autauga County,1,2055,0.0,6.91,1,9.5,62331.0,1148.0,471,316,28.0,143.0,0.0,355,198.0,81,55,5.0,25.0,17.27493917274939,17.247386759581882,17.197452229299362,17.40506329113924,17.857142857142858,17.482517482517483,
01117030341,Shelby County,Shelby County,1,2484,0.0,0.0,0,9.4,90686.0,1759.0,640,294,11.0,79.0,0.0,282,199.0,73,33,1.0,9.0,11.352657004830919,11.313246162592382,11.40625,11.224489795918368,9.090909090909092,11.39240506329114,
01125010803,Tuscaloosa County,Tuscaloosa County,1,2790,0.0,0.0,1,19.0,66629.0,1155.0,789,344,85.0,359.0,0.0,480,199.0,136,59,15.0,62.0,17.204301075268816,17.22943722943723,17.23700887198986,17.151162790697676,17.647058823529413,17.270194986072422,
01033020703,Colbert County,Colbert County,1,6796,0.0,1.52,0,16.4,79840.0,5354.0,1487,1233,7.0,421.0,0.0,254,200.0,56,46,0.0,16.0,3.737492642731018,3.7355248412401942,3.7659717552118357,3.7307380373073804,0.0,3.8004750593824226,
01097006408,Mobile County,Mobile County,1,4098,0.0,0.0,0,6.2,108771.0,2453.0,944,623,44.0,147.0,0.0,335,200.0,77,51,4.0,12.0,8.174719375305028,8.153281695882592,8.15677966101695,8.186195826645266,9.090909090909092,8.16326530612245,
01073012913,Jefferson County,Jefferson County,1,4421,0.0,0.0,0,7.6,94964.0,3451.0,1012,347,181.0,184.0,0.0,258,201.0,59,20,11.0,11.0,5.835783759330468,5.824398725007244,5.830039525691699,5.763688760806916,6.077348066298343,5.978260869565218,
01097003901,Mobile County,Mobile County,1,1924,0.0,10.29,1,29.1,48036.0,844.0,355,356,110.0,246.0,0.0,461,202.0,85,85,26.0,59.0,23.96049896049896,23.933649289099527,23.943661971830984,23.876404494382022,23.636363636363637,23.983739837398375,
01089001404,Madison County,Madison County,1,3077,0.0,0.0,0,12.7,89123.0,2400.0,450,409,76.0,23.0,0.0,260,203.0,38,35,6.0,2.0,8.449788755281118,8.458333333333334,8.444444444444445,8.557457212713937,7.894736842105263,8.695652173913043,
01125012307,Tuscaloosa County,Tuscaloosa County,1,1382,0.0,0.0,1,31.6,,858.0,235,204,36.0,18.0,0.0,327,203.0,56,48,9.0,4.0,23.66136034732272,23.65967365967366,23.829787234042552,23.529411764705884,25.0,22.22222222222222,
01073002305,Jefferson County,Jefferson County,1,3050,0.0,0.43,0,13.6,122188.0,2326.0,489,360,69.0,100.0,0.0,267,204.0,43,32,6.0,9.0,8.754098360655737,8.770421324161651,8.793456032719837,8.88888888888889,8.695652173913043,9.0,
01023956800,Choctaw County,Choctaw County,0,4175,0.0,1.58,0,16.0,79306.0,2383.0,822,1028,152.0,290.0,0.0,366,209.0,72,90,13.0,25.0,8.766467065868264,8.770457406630298,8.75912408759124,8.754863813229573,8.552631578947368,8.620689655172415,
01087232300,Macon County,Macon County,0,1333,0.0,3.15,1,17.2,60417.0,799.0,202,350,42.0,169.0,0.0,351,210.0,53,92,11.0,44.0,26.33158289572393,26.2828535669587,26.237623762376238,26.285714285714285,26.19047619047619,26.035502958579883,
01073012401,Jefferson County,Jefferson County,1,3660,0.0,0.0,0,12.8,99349.0,2702.0,676,853,55.0,176.0,0.0,288,212.0,53,67,4.0,14.0,7.868852459016393,7.846039970392302,7.840236686390533,7.854630715123095,7.2727272727272725,7.954545454545454,
01037961200,Coosa County,Coosa County,0,3065,0.0,0.49,0,8.9,80227.0,2003.0,449,857,66.0,146.0,0.0,325,213.0,48,91,7.0,16.0,10.603588907014682,10.634048926610085,10.690423162583519,10.618436406067678,10.606060606060606,10.95890410958904,
01125010804,Tuscaloosa County,Tuscaloosa County,1,2581,0.0,0.58,1,36.8,,1139.0,553,450,11.0,129.0,0.0,485,214.0,104,85,2.0,24.0,18.791166214645486,18.788410886742756,18.806509945750452,18.88888888888889,18.181818181818183,18.6046511627907,
01073010706,Jefferson County,Jefferson County,1,4893,0.0,1.31,0,18.6,111413.0,2553.0,882,440,8.0,233.0,0.0,420,219.0,76,38,1.0,20.0,8.583690987124463,8.578143360752057,8.616780045351474,8.636363636363637,12.5,8.583690987124463,
01073011805,Jefferson County,Jefferson County,1,3552,0.0,3.94,1,25.5,40514.0,2024.0,978,581,0.0,180.0,0.0,384,219.0,106,63,0.0,19.0,10.81081081081081,10.820158102766799,10.838445807770961,10.843373493975903,,10.555555555555555,
01065040200,Hale County,Hale County,0,1396,0.0,0.0,0,16.8,69015.0,834.0,279,308,28.0,28.0,0.0,368,220.0,74,81,7.0,7.0,26.361031518624642,26.378896882494004,26.523297491039425,26.2987012987013,25.0,25.0,
01033021000,Colbert County,Colbert County,0,3678,0.0,0.0,1,27.0,71250.0,2221.0,750,851,73.0,361.0,0.0,368,222.0,75,85,7.0,36.0,10.005437737901033,9.995497523638,10.0,9.988249118683902,9.58904109589041,9.97229916897507,
01047956300,Dallas County,Dallas County,1,3616,0.0,0.0,1,37.7,38348.0,1923.0,908,611,332.0,754.0,0.0,423,225.0,106,71,39.0,88.0,11.698008849557523,11.700468018720748,11.674008810572687,11.620294599018003,11.74698795180723,11.671087533156498,
01089000301,Madison County,Madison County,1,3965,0.0,0.0,1,28.9,53042.0,2146.0,1047,635,36.0,381.0,0.0,423,229.0,112,68,4.0,41.0,10.668348045397225,10.671015843429636,10.69723018147087,10.708661417322835,11.11111111111111,10.761154855643044,
01037961100,Coosa County,Coosa County,0,3625,0.0,0.0,0,8.6,80938.0,2588.0,640,782,45.0,334.0,0.0,329,235.0,58,71,4.0,30.0,9.075862068965517,9.080370942812984,9.0625,9.07928388746803,8.88888888888889,8.982035928143713,
01073010402,Jefferson County,Jefferson County,1,1982,0.0,0.0,1,25.5,65833.0,980.0,448,384,63.0,395.0,0.0,477,236.0,108,92,15.0,95.0,24.06659939455096,24.081632653061224,24.107142857142858,23.958333333333332,23.80952380952381,24.050632911392405,
01101005410,Montgomery County,Montgomery County,1,5070,0.0,0.12,0,14.1,69104.0,2882.0,1039,511,273.0,447.0,0.0,416,237.0,85,42,22.0,37.0,8.205128205128204,8.223455933379597,8.180943214629451,8.219178082191782,8.058608058608058,8.277404921700224,
01041963800,Crenshaw County,Crenshaw County,0,1561,0.0,0.0,0,16.7,78542.0,888.0,356,322,44.0,175.0,0.0,430,245.0,98,89,12.0,48.0,27.546444586803332,27.59009009009009,27.528089887640448,27.63975155279503,27.272727272727273,27.428571428571427,
01101005604,Montgomery County,Montgomery County,0,3541,0.0,0.0,0,3.8,149304.0,3263.0,642,765,0.0,46.0,0.0,267,246.0,48,58,0.0,3.0,7.540242869245976,7.539074471345388,7.4766355140186915,7.5816993464052285,,6.521739130434782,
01097007400,Mobile County,Mobile County,1,2878,0.0,0.0,1,41.4,55750.0,1681.0,632,528,77.0,295.0,0.0,422,247.0,93,77,11.0,43.0,14.662960389159139,14.69363474122546,14.715189873417721,14.583333333333334,14.285714285714286,14.576271186440678,
01129043900,Washington County,Washington County,0,2548,0.0,0.0,1,14.9,62381.0,1540.0,511,586,45.0,175.0,0.0,408,247.0,82,94,7.0,28.0,16.012558869701728,16.038961038961038,16.046966731898237,16.040955631399317,15.555555555555555,16.0,
01097006802,Mobile County,Mobile County,1,3112,0.0,1.8,0,12.8,105109.0,1945.0,704,547,44.0,222.0,0.0,402,251.0,91,71,6.0,29.0,12.917737789203084,12.904884318766067,12.926136363636363,12.979890310786105,13.636363636363637,13.063063063063064,
01125010403,Tuscaloosa County,Tuscaloosa County,1,4326,0.0,15.67,0,19.0,77167.0,3024.0,835,1128,110.0,188.0,0.0,359,251.0,69,94,9.0,16.0,8.298659269533056,8.30026455026455,8.263473053892216,8.333333333333334,8.181818181818182,8.51063829787234,
01001020502,Autauga County,Autauga County,1,3284,0.0,0.0,0,13.0,93398.0,2795.0,902,292,99.0,105.0,0.0,297,252.0,81,26,9.0,9.0,9.043848964677222,9.016100178890877,8.980044345898005,8.904109589041095,9.090909090909092,8.571428571428571,
01087232200,Macon County,Macon County,0,1884,0.0,0.0,1,10.2,54559.0,1188.0,351,384,43.0,108.0,0.0,402,254.0,75,82,9.0,23.0,21.337579617834393,21.38047138047138,21.367521367521366,21.354166666666668,20.930232558139537,21.296296296296298,
01113030404,Russell County,Russell County,1,2810,0.0,0.0,1,23.4,57679.0,1477.0,634,436,24.0,288.0,0.0,486,255.0,110,75,4.0,50.0,17.295373665480426,17.264725795531483,17.350157728706623,17.201834862385322,16.666666666666668,17.36111111111111,
01097006410,Mobile County,Mobile County,1,3663,0.0,0.0,0,14.2,75341.0,2685.0,859,612,52.0,131.0,0.0,349,256.0,82,58,5.0,12.0,9.527709527709527,9.534450651769088,9.545983701979045,9.477124183006536,9.615384615384615,9.16030534351145,
01025957601,Clarke County,Clarke County,0,934,0.0,0.0,0,16.9,70625.0,582.0,242,162,24.0,80.0,0.0,412,257.0,107,71,11.0,35.0,44.11134903640257,44.15807560137457,44.21487603305785,43.82716049382716,45.833333333333336,43.75,
01031011205,Coffee County,Coffee County,1,4206,0.0,0.0,0,8.9,84231.0,2741.0,1224,423,58.0,234.0,0.0,397,259.0,116,40,5.0,22.0,9.43889681407513,9.44910616563298,9.477124183006536,9.456264775413711,8.620689655172415,9.401709401709402,
01039962900,Covington County,Covington County,0,1830,0.0,0.0,0,10.2,79628.0,1279.0,399,380,45.0,93.0,0.0,380,265.0,83,79,9.0,19.0,20.76502732240437,20.71931196247068,20.80200501253133,20.789473684210527,20.0,20.43010752688172,
01073010704,Jefferson County,Jefferson County,1,5279,0.0,42.17,0,7.9,93750.0,2599.0,711,334,41.0,115.0,0.0,537,265.0,72,34,4.0,12.0,10.172381132790301,10.196229318968834,10.126582278481013,10.179640718562874,9.75609756097561,10.434782608695652,
01077011300,Lauderdale County,Lauderdale County,0,2190,0.0,0.0,0,6.0,85976.0,1445.0,479,399,19.0,80.0,0.0,402,265.0,88,73,3.0,15.0,18.356164383561644,18.33910034602076,18.37160751565762,18.295739348370926,15.789473684210526,18.75,
01025957800,Clarke County,Clarke County,0,4865,0.0,1.81,0,17.8,71224.0,2786.0,1028,976,104.0,346.0,0.0,468,268.0,99,94,10.0,33.0,9.61973278520041,9.619526202440776,9.630350194552529,9.631147540983607,9.615384615384615,9.53757225433526,
01073005104,Jefferson County,Jefferson County,1,2435,0.0,0.0,1,21.0,59055.0,1853.0,390,215,75.0,134.0,0.0,353,269.0,57,31,11.0,19.0,14.496919917864476,14.516999460334592,14.615384615384615,14.418604651162791,14.666666666666666,14.17910447761194,
01073011003,Jefferson County,Jefferson County,1,2194,0.0,0.0,1,23.9,66667.0,1341.0,500,338,33.0,153.0,0.0,444,271.0,101,68,7.0,31.0,20.23701002734731,20.208799403430277,20.2,20.118343195266274,21.21212121212121,20.26143790849673,
01055010401,Etowah County,Etowah County,1,3452,0.0,0.98,1,11.7,60221.0,2648.0,818,533,90.0,491.0,0.0,358,275.0,85,55,9.0,51.0,10.370799536500579,10.385196374622357,10.39119804400978,10.318949343339588,10.0,10.386965376782078,
01097003501,Mobile County,Mobile County,1,3660,0.0,0.0,0,12.1,91553.0,2567.0,879,614,14.0,51.0,0.0,403,283.0,97,68,2.0,6.0,11.010928961748634,11.02454226723802,11.035267349260524,11.074918566775244,14.285714285714286,11.764705882352942,
01081040202,Lee County,Lee County,1,3084,0.0,0.0,1,21.6,110288.0,2051.0,625,456,88.0,124.0,0.0,431,287.0,87,64,12.0,17.0,13.975356679636835,13.993174061433447,13.92,14.035087719298245,13.636363636363637,13.709677419354838,
01073005600,Jefferson County,Jefferson County,1,5053,0.0,11.48,0,13.0,99028.0,2837.0,592,1244,23.0,142.0,0.0,514,289.0,60,127,2.0,14.0,10.172174945576884,10.186817060274938,10.135135135135135,10.209003215434084,8.695652173913043,9.859154929577464,
01101001900,Montgomery County,Montgomery County,1,3110,0.0,0.0,0,16.3,80625.0,1935.0,658,708,148.0,68.0,0.0,470,293.0,99,107,22.0,10.0,15.112540192926046,15.142118863049095,15.045592705167174,15.112994350282486,14.864864864864865,14.705882352941176,
01081041102,Lee County,Lee County,1,4000,0.0,4.0,0,13.8,80769.0,2237.0,895,692,250.0,302.0,0.0,529,296.0,118,91,33.0,40.0,13.225,13.2320071524363,13.184357541899441,13.15028901734104,13.2,13.245033112582782,
01089011028,Madison County,Madison County,1,4073,0.0,2.06,1,8.9,83229.0,3171.0,931,442,74.0,283.0,0.0,390,304.0,89,42,7.0,27.0,9.575251657255095,9.586881110059918,9.559613319011815,9.502262443438914,9.45945945945946,9.540636042402827,
01097005400,Mobile County,Mobile County,1,4733,0.0,0.38,0,5.9,71688.0,2549.0,1143,754,34.0,94.0,0.0,568,306.0,137,91,4.0,11.0,12.000845129938728,12.004707728520989,11.986001749781277,12.068965517241379,11.764705882352942,11.702127659574469,
01103005103,Morgan County,Morgan County,1,854,0.0,3.28,0,7.3,86771.0,637.0,187,166,0.0,9.0,0.0,413,308.0,91,80,0.0,4.0,48.36065573770492,48.35164835164835,48.663101604278076,48.19277108433735,,44.44444444444444,
01125010102,Tuscaloosa County,Tuscaloosa County,0,3865,0.0,1.73,0,5.4,95000.0,2658.0,779,766,16.0,85.0,0.0,448,308.0,90,89,2.0,10.0,11.591203104786546,11.587659894657637,11.553273427471117,11.618798955613578,12.5,11.764705882352942,
01101000900,Montgomery County,Montgomery County,1,2133,0.0,55.65,0,4.0,128231.0,758.0,392,38,4.0,6.0,0.0,881,313.0,162,16,2.0,2.0,41.3033286451008,41.29287598944591,41.326530612244895,42.10526315789474,50.0,33.333333333333336,
01005950100,Barbour County,Barbour County,0,3126,0.0,1.44,0,12.9,74554.0,1876.0,637,755,59.0,239.0,0.0,530,318.0,108,128,10.0,40.0,16.95457453614843,16.95095948827292,16.95447409733124,16.95364238410596,16.949152542372882,16.736401673640167,
01035960200,Conecuh County,Conecuh County,0,1472,0.0,0.0,0,18.4,74688.0,778.0,302,340,15.0,80.0,0.0,617,326.0,127,142,6.0,34.0,41.91576086956522,41.90231362467866,42.05298013245033,41.76470588235294,40.0,42.5,
01125012101,Tuscaloosa County,Tuscaloosa County,1,3564,0.0,0.0,1,25.8,55476.0,2349.0,510,383,9.0,309.0,0.0,498,328.0,71,53,1.0,43.0,13.973063973063972,13.963388676032354,13.92156862745098,13.838120104438643,11.11111111111111,13.915857605177994,
01125012504,Tuscaloosa County,Tuscaloosa County,1,3558,0.0,0.08,0,5.0,94688.0,2970.0,1061,288,14.0,73.0,0.0,395,330.0,118,32,2.0,8.0,11.101742551995503,11.11111111111111,11.121583411875589,11.11111111111111,14.285714285714286,10.95890410958904,
01129044300,Washington County,Washington County,0,2450,0.0,0.0,0,19.8,74828.0,1170.0,544,502,15.0,103.0,0.0,692,330.0,154,142,4.0,29.0,28.244897959183675,28.205128205128204,28.308823529411764,28.286852589641434,26.666666666666668,28.155339805825243,
01097003705,Mobile County,Mobile County,1,4343,0.0,1.96,0,10.6,82663.0,3266.0,808,925,99.0,169.0,0.0,458,344.0,85,97,10.0,18.0,10.545705733364034,10.532761788120025,10.51980198019802,10.486486486486486,10.1010101010101,10.650887573964496,
01119011302,Sumter County,Sumter County,0,2478,0.0,0.2,0,16.7,87992.0,1580.0,510,499,30.0,328.0,0.0,542,345.0,112,109,7.0,72.0,21.872477804681193,21.835443037974684,21.96078431372549,21.8436873747495,23.333333333333332,21.951219512195124,
01117030319,Shelby County,Shelby County,1,2480,0.0,11.85,0,6.9,99208.0,1669.0,534,596,52.0,47.0,0.0,520,350.0,112,125,11.0,10.0,20.967741935483872,20.97064110245656,20.973782771535582,20.973154362416107,21.153846153846153,21.27659574468085,
01083020600,Limestone County,Limestone County,1,4392,0.0,4.71,1,17.5,83462.0,3238.0,1131,692,153.0,195.0,0.0,479,353.0,123,75,17.0,21.0,10.906193078324225,10.9017912291538,10.875331564986737,10.83815028901734,11.11111111111111,10.76923076923077,
01073014408,Jefferson County,Jefferson County,1,4235,0.0,4.58,0,5.2,73154.0,3139.0,765,690,186.0,37.0,0.0,488,362.0,88,80,21.0,4.0,11.523022432113342,11.532335138579166,11.50326797385621,11.594202898550725,11.290322580645162,10.81081081081081,
01089000602,Madison County,Madison County,1,2129,0.0,1.22,0,14.2,89517.0,1552.0,457,396,18.0,101.0,0.0,502,366.0,108,93,4.0,24.0,23.579145138562705,23.582474226804123,23.632385120350108,23.484848484848484,22.22222222222222,23.762376237623762,
01131035200,Wilcox County,Wilcox County,0,1488,0.0,2.49,0,16.2,77817.0,935.0,279,397,37.0,144.0,0.0,609,383.0,114,163,15.0,59.0,40.92741935483871,40.962566844919785,40.86021505376344,41.05793450881612,40.54054054054054,40.97222222222222,
01043964800,Cullman County,Cullman County,1,4638,0.0,0.0,0,16.4,75103.0,2990.0,1075,829,86.0,236.0,0.0,630,406.0,146,113,12.0,32.0,13.583441138421733,13.578595317725753,13.581395348837209,13.630880579010856,13.953488372093023,13.559322033898304,
01097003302,Mobile County,Mobile County,1,4987,0.0,17.2,0,11.1,181250.0,3644.0,985,837,61.0,22.0,0.0,562,410.0,111,94,7.0,2.0,11.26930018046922,11.251372118551043,11.269035532994923,11.230585424133812,11.475409836065573,9.090909090909092,
01125010105,Tuscaloosa County,Tuscaloosa County,0,3736,0.0,0.0,0,3.8,106660.0,3605.0,909,573,8.0,48.0,0.0,444,429.0,108,68,1.0,6.0,11.884368308351178,11.900138696255201,11.881188118811881,11.8673647469459,12.5,12.5,
01073004702,Jefferson County,Jefferson County,1,3136,0.0,0.0,0,5.6,210664.0,2560.0,339,649,35.0,33.0,0.0,541,442.0,58,112,6.0,6.0,17.25127551020408,17.265625,17.10914454277286,17.257318952234208,17.142857142857142,18.181818181818183,
01089002701,Madison County,Madison County,1,2730,0.0,0.0,0,8.9,114583.0,2108.0,438,706,20.0,96.0,0.0,585,452.0,94,151,4.0,21.0,21.428571428571427,21.44212523719165,21.461187214611872,21.388101983002834,20.0,21.875,
01003011417,Baldwin County,Baldwin County,1,2525,0.0,0.0,0,3.4,111619.0,2024.0,496,449,20.0,35.0,0.0,582,466.0,114,103,5.0,8.0,23.04950495049505,23.023715415019762,22.983870967741936,22.93986636971047,25.0,22.857142857142858,
01073012921,Jefferson County,Jefferson County,1,3572,0.0,0.2,0,2.6,179000.0,2839.0,941,610,12.0,24.0,0.0,607,483.0,160,104,2.0,4.0,16.993281075027994,17.013032758013384,17.00318809776833,17.049180327868854,16.666666666666668,16.666666666666668,
01015001201,Calhoun County,Calhoun County,1,3361,0.0,8.6,0,15.2,66563.0,1912.0,743,816,97.0,222.0,0.0,851,484.0,188,207,25.0,56.0,25.319845284141625,25.313807531380753,25.302826379542395,25.36764705882353,25.77319587628866,25.225225225225227,
01003010500,Baldwin County,Baldwin County,1,4850,0.0,10.72,0,13.5,88528.0,2940.0,893,1033,113.0,219.0,0.0,813,493.0,150,173,19.0,37.0,16.762886597938145,16.768707482993197,16.7973124300112,16.747337850919653,16.8141592920354,16.894977168949772,
01051030801,Elmore County,Elmore County,1,2255,0.0,0.44,0,12.6,112692.0,1766.0,489,425,39.0,99.0,0.0,630,494.0,137,119,11.0,28.0,27.93791574279379,27.97281993204983,28.016359918200408,28.0,28.205128205128204,28.282828282828284,
01115040208,St. Clair County,St. Clair County,1,2589,0.0,3.05,0,18.2,74750.0,1536.0,657,352,35.0,117.0,0.0,850,504.0,216,116,11.0,38.0,32.831208960988796,32.8125,32.87671232876713,32.95454545454545,31.428571428571427,32.47863247863248,
01097003712,Mobile County,Mobile County,1,3760,0.0,0.77,0,2.5,94191.0,2631.0,681,928,17.0,98.0,0.0,753,527.0,136,186,3.0,20.0,20.02659574468085,20.030406689471683,19.970631424375917,20.04310344827586,17.647058823529413,20.408163265306122,
01089011100,Madison County,Madison County,1,865,0.0,0.0,0,16.1,142143.0,871.0,199,66,13.0,0.0,0.0,534,537.0,123,41,8.0,0.0,61.73410404624278,61.653272101033295,61.80904522613066,62.121212121212125,61.53846153846154,,
01073012804,Jefferson County,Jefferson County,1,3747,0.0,0.0,0,4.4,152114.0,2743.0,849,611,16.0,0.0,0.0,765,560.0,173,125,3.0,0.0,20.416333066453163,20.41560335399198,20.376914016489987,20.458265139116204,18.75,,
01097003100,Mobile County,Mobile County,1,4357,0.0,0.07,0,9.6,101227.0,3430.0,881,1068,12.0,113.0,0.0,712,560.0,144,174,2.0,18.0,16.341519394078496,16.3265306122449,16.34506242905789,16.292134831460675,16.666666666666668,15.929203539823009,
01047956701,Dallas County,Dallas County,1,1899,0.0,0.0,0,17.2,68125.0,1218.0,405,398,18.0,86.0,0.0,889,570.0,190,186,8.0,40.0,46.81411269088994,46.79802955665025,46.91358024691358,46.733668341708544,44.44444444444444,46.51162790697674,
01101002700,Montgomery County,Montgomery County,1,4349,0.0,1.13,0,1.7,101760.0,2479.0,791,1043,9.0,287.0,0.0,1012,577.0,184,243,2.0,67.0,23.26971717636238,23.27551432029044,23.261694058154234,23.29817833173538,22.22222222222222,23.34494773519164,
01097003708,Mobile County,Mobile County,1,4370,0.0,0.0,0,6.4,108355.0,3664.0,873,800,211.0,239.0,0.0,696,583.0,139,127,34.0,38.0,15.926773455377575,15.911572052401747,15.922107674684995,15.875,16.113744075829384,15.899581589958158,
01001020503,Autauga County,Autauga County,1,3616,0.0,3.43,0,14.9,127250.0,2414.0,847,581,35.0,18.0,0.0,882,589.0,207,142,9.0,4.0,24.391592920353983,24.3993371996686,24.439197166469892,24.440619621342513,25.714285714285715,22.22222222222222,
01103005106,Morgan County,Morgan County,1,6587,0.0,1.0,0,8.8,91115.0,4589.0,1356,1237,122.0,135.0,0.0,851,593.0,175,160,16.0,17.0,12.919386670715046,12.922205273480062,12.905604719764012,12.934518997574777,13.114754098360656,12.592592592592593,
01073012910,Jefferson County,Jefferson County,1,4703,0.0,0.0,0,8.3,93500.0,3366.0,626,782,92.0,156.0,0.0,841,602.0,112,140,16.0,28.0,17.882202849245164,17.88472964943553,17.891373801916934,17.902813299232736,17.391304347826086,17.94871794871795,
01073014409,Jefferson County,Jefferson County,1,3341,0.0,6.2,0,2.5,124077.0,2691.0,612,949,46.0,55.0,0.0,788,634.0,144,224,11.0,13.0,23.585752768632148,23.56001486436269,23.529411764705884,23.603793466807165,23.91304347826087,23.636363636363637,
01101002000,Montgomery County,Montgomery County,1,4750,0.0,0.0,0,16.5,138000.0,3297.0,1192,914,0.0,227.0,0.0,935,649.0,235,180,0.0,45.0,19.68421052631579,19.684561722778284,19.71476510067114,19.693654266958426,,19.823788546255507,
01125012505,Tuscaloosa County,Tuscaloosa County,1,3951,0.0,0.0,0,8.0,105080.0,3147.0,944,597,48.0,129.0,0.0,821,654.0,196,124,10.0,27.0,20.779549481144013,20.781696854146805,20.76271186440678,20.770519262981576,20.833333333333332,20.930232558139537,
01001020400,Autauga County,Autauga County,1,4246,0.0,0.0,0,15.3,81136.0,2580.0,902,961,114.0,78.0,0.0,1089,662.0,231,247,29.0,20.0,25.647668393782382,25.65891472868217,25.609756097560975,25.70239334027055,25.43859649122807,25.641025641025642,
01073004800,Jefferson County,Jefferson County,1,2011,0.0,7.76,0,8.6,250001.0,1404.0,122,602,142.0,39.0,0.0,975,680.0,59,292,69.0,19.0,48.48334162108404,48.433048433048434,48.36065573770492,48.50498338870432,48.59154929577465,48.717948717948715,
01073010705,Jefferson County,Jefferson County,1,4125,0.0,0.46,0,1.7,191364.0,4047.0,1329,376,19.0,41.0,0.0,704,690.0,227,64,3.0,7.0,17.066666666666666,17.049666419570052,17.08051166290444,17.02127659574468,15.789473684210526,17.073170731707318,
01073010702,Jefferson County,Jefferson County,1,4898,0.0,0.63,0,10.5,185635.0,4659.0,1351,585,46.0,89.0,0.0,730,694.0,201,87,7.0,13.0,14.90404246631278,14.895900407812835,14.877868245743894,14.871794871794872,15.217391304347826,14.606741573033707,
01101005409,Montgomery County,Montgomery County,1,2325,0.0,0.0,0,9.2,128214.0,1595.0,452,348,41.0,125.0,0.0,1020,700.0,198,153,18.0,55.0,43.87096774193548,43.8871473354232,43.80530973451327,43.96551724137931,43.90243902439025,44.0,
01117030337,Shelby County,Shelby County,1,2053,0.0,0.0,0,14.2,100964.0,1400.0,604,225,21.0,53.0,0.0,1037,707.0,305,114,11.0,27.0,50.511446663419385,50.5,50.496688741721854,50.666666666666664,52.38095238095238,50.943396226415096,
01073010002,Jefferson County,Jefferson County,1,5155,0.0,0.0,0,9.7,80282.0,3389.0,1281,793,20.0,294.0,0.0,1089,716.0,271,167,4.0,62.0,21.125121241513096,21.12717615815875,21.15534738485558,21.059268600252206,20.0,21.08843537414966,
01001020300,Autauga County,Autauga County,1,3216,0.0,0.59,0,7.1,84191.0,2350.0,731,598,84.0,111.0,0.0,981,717.0,223,182,26.0,34.0,30.503731343283583,30.51063829787234,30.506155950752394,30.434782608695652,30.952380952380953,30.63063063063063,
01117030315,Shelby County,Shelby County,1,5610,0.0,0.53,0,16.5,92045.0,3493.0,1305,702,17.0,74.0,0.0,1162,723.0,270,145,4.0,15.0,20.71301247771836,20.69853993701689,20.689655172413794,20.655270655270655,23.529411764705884,20.27027027027027,
01073012104,Jefferson County,Jefferson County,1,2806,0.0,0.14,0,10.7,95208.0,1969.0,613,537,128.0,110.0,0.0,1061,744.0,232,203,48.0,42.0,37.81183178902352,37.7856780091417,37.84665579119086,37.80260707635009,37.5,38.18181818181818,
01101003303,Montgomery County,Montgomery County,1,2652,0.0,0.0,0,10.8,75303.0,1846.0,573,530,0.0,85.0,0.0,1076,749.0,233,215,0.0,34.0,40.57315233785822,40.57421451787649,40.66317626527051,40.56603773584906,,40.0,
01089002804,Madison County,Madison County,1,2720,0.0,0.0,0,2.9,129844.0,2809.0,426,691,0.0,30.0,0.0,726,750.0,114,184,0.0,8.0,26.691176470588236,26.699893200427198,26.760563380281692,26.62807525325615,,26.666666666666668,
01051031300,Elmore County,Elmore County,1,4157,0.0,0.0,0,11.6,102344.0,2938.0,838,618,77.0,226.0,0.0,1067,754.0,215,159,20.0,58.0,25.66754871301419,25.663716814159294,25.656324582338904,25.728155339805824,25.974025974025974,25.663716814159294,
01089002801,Madison County,Madison County,1,5142,0.0,3.05,0,11.8,97344.0,3481.0,780,1327,116.0,184.0,0.0,1156,783.0,175,298,26.0,41.0,22.48152469856087,22.493536340132145,22.435897435897434,22.456669178598343,22.413793103448278,22.282608695652176,
01125012306,Tuscaloosa County,Tuscaloosa County,1,5432,0.0,3.81,0,12.5,106058.0,2880.0,1135,936,185.0,304.0,0.0,1525,808.0,319,263,52.0,85.0,28.07437407952872,28.055555555555557,28.105726872246695,28.0982905982906,28.10810810810811,27.960526315789473,
01097003408,Mobile County,Mobile County,1,3915,0.0,0.0,0,16.1,75480.0,3468.0,959,650,35.0,508.0,0.0,916,811.0,224,152,8.0,119.0,23.397190293742018,23.385236447520185,23.357664233576642,23.384615384615383,22.857142857142858,23.4251968503937,
01101005403,Montgomery County,Montgomery County,1,3905,0.0,0.0,0,16.9,73813.0,2459.0,905,411,109.0,442.0,0.0,1359,856.0,315,143,38.0,154.0,34.80153649167734,34.81089873932493,34.806629834254146,34.79318734793188,34.862385321100916,34.841628959276015,
01089001700,Madison County,Madison County,1,1920,0.0,0.0,0,2.0,206518.0,1869.0,399,407,35.0,7.0,0.0,884,861.0,184,187,16.0,3.0,46.041666666666664,46.06741573033708,46.11528822055138,45.945945945945944,45.714285714285715,42.857142857142854,
01015001103,Calhoun County,Calhoun County,1,3663,0.0,0.35,0,18.0,92606.0,2535.0,890,691,58.0,171.0,0.0,1279,885.0,311,241,20.0,60.0,34.91673491673492,34.9112426035503,34.943820224719104,34.87698986975398,34.48275862068966,35.08771929824562,
01055010505,Etowah County,Etowah County,1,2817,0.0,9.09,0,13.2,69194.0,1495.0,542,747,102.0,78.0,0.0,1678,890.0,323,445,61.0,46.0,59.56691515796947,59.531772575250834,59.59409594095941,59.57161981258367,59.80392156862745,58.97435897435897,
01015002104,Calhoun County,Calhoun County,1,3914,0.0,6.08,0,13.7,68750.0,2618.0,803,726,146.0,292.0,0.0,1381,923.0,283,256,51.0,103.0,35.283597342871744,35.2559205500382,35.24283935242839,35.26170798898072,34.93150684931507,35.273972602739725,
01127020302,Walker County,Walker County,1,3259,0.0,4.76,0,13.1,81688.0,2104.0,666,807,35.0,168.0,0.0,1440,930.0,294,357,15.0,74.0,44.18533292420988,44.20152091254753,44.14414414414414,44.237918215613384,42.857142857142854,44.04761904761905,
01097006409,Mobile County,Mobile County,1,7317,0.0,1.08,0,4.2,83948.0,5318.0,1805,1005,31.0,205.0,0.0,1288,936.0,318,177,5.0,36.0,17.602842695093617,17.600601729973675,17.617728531855956,17.611940298507463,16.129032258064516,17.5609756097561,
01101005501,Montgomery County,Montgomery County,1,3426,0.0,47.17,0,10.4,73571.0,940.0,498,331,35.0,88.0,0.0,3426,940.0,498,331,35.0,88.0,100.0,100.0,100.0,100.0,100.0,100.0,
01043964901,Cullman County,Cullman County,1,3371,0.0,6.67,0,13.8,84238.0,2705.0,740,733,88.0,21.0,0.0,1173,941.0,257,255,31.0,7.0,34.796796202907146,34.78743068391867,34.729729729729726,34.78854024556617,35.22727272727273,33.333333333333336,
01109189003,Pike County,Pike County,1,3946,0.0,3.95,0,19.9,77437.0,2334.0,861,639,38.0,158.0,0.0,1607,950.0,351,260,15.0,64.0,40.72478459199189,40.702656383890314,40.76655052264808,40.68857589984351,39.473684210526315,40.50632911392405,
01095030903,Marshall County,Marshall County,1,5980,0.0,0.87,0,11.2,103106.0,3515.0,1809,788,10.0,284.0,0.0,1623,954.0,491,214,3.0,77.0,27.140468227424748,27.14082503556188,27.142067440574902,27.15736040609137,30.0,27.112676056338028,
01117030314,Shelby County,Shelby County,1,3266,0.0,3.55,0,6.1,107813.0,2594.0,557,432,84.0,94.0,0.0,1205,957.0,206,159,31.0,35.0,36.895284751990204,36.892829606784886,36.983842010771994,36.80555555555556,36.904761904761905,37.234042553191486,
01081040901,Lee County,Lee County,1,4226,0.0,0.0,0,12.7,111875.0,3188.0,790,632,12.0,63.0,0.0,1270,958.0,237,190,4.0,19.0,30.05205868433507,30.050188205771644,30.0,30.063291139240505,33.333333333333336,30.158730158730158,
01101003200,Montgomery County,Montgomery County,1,5741,0.0,3.61,0,19.6,68832.0,2893.0,1276,914,279.0,810.0,0.0,1931,973.0,429,307,94.0,272.0,33.63525518202404,33.63290701693744,33.62068965517241,33.588621444201316,33.691756272401435,33.58024691358025,
01015001502,Calhoun County,Calhoun County,1,1724,0.0,0.0,0,8.7,98056.0,1084.0,361,313,0.0,39.0,0.0,1553,976.0,325,282,0.0,35.0,90.08120649651973,90.03690036900369,90.02770083102493,90.09584664536742,,89.74358974358974,
01077011102,Lauderdale County,Lauderdale County,1,4518,0.0,0.0,0,2.8,97361.0,3513.0,824,939,0.0,51.0,0.0,1275,991.0,233,265,0.0,14.0,28.220451527224437,28.20950754341019,28.276699029126213,28.221512247071352,,27.45098039215686,
01073011904,Jefferson County,Jefferson County,1,2044,0.0,0.0,0,16.8,90324.0,1202.0,379,540,178.0,270.0,0.0,1693,996.0,314,447,147.0,224.0,82.82778864970646,82.86189683860233,82.84960422163589,82.77777777777777,82.58426966292134,82.96296296296296,
01089002923,Madison County,Madison County,1,3578,0.0,0.0,0,7.4,100263.0,2389.0,760,575,15.0,13.0,0.0,1515,1011.0,322,243,6.0,6.0,42.34209055338178,42.31896190874843,42.36842105263158,42.26086956521739,40.0,46.15384615384615,
01051031001,Elmore County,Elmore County,1,4017,0.0,0.0,0,10.1,87198.0,2715.0,1033,479,73.0,294.0,0.0,1517,1026.0,390,181,28.0,111.0,37.76450087129699,37.790055248618785,37.7541142303969,37.78705636743215,38.35616438356164,37.755102040816325,
01015001802,Calhoun County,Calhoun County,1,4371,0.0,0.0,0,11.6,67225.0,3456.0,1047,770,14.0,273.0,0.0,1308,1034.0,313,230,4.0,82.0,29.924502402196293,29.91898148148148,29.894937917860553,29.87012987012987,28.571428571428573,30.036630036630036,
01089000902,Madison County,Madison County,1,2023,0.0,0.0,0,8.8,94219.0,1917.0,237,332,15.0,59.0,0.0,1094,1037.0,128,180,8.0,32.0,54.07810182896688,54.09494001043297,54.0084388185654,54.21686746987952,53.333333333333336,54.23728813559322,
01003011201,Baldwin County,Baldwin County,1,4895,0.0,4.25,0,5.7,112708.0,3886.0,915,1641,32.0,112.0,0.0,1328,1054.0,248,445,9.0,30.0,27.129724208375894,27.12300566134843,27.103825136612024,27.117611212675197,28.125,26.785714285714285,
01073002306,Jefferson County,Jefferson County,1,3489,0.0,0.11,0,2.5,142656.0,3060.0,399,621,7.0,37.0,0.0,1204,1056.0,138,214,2.0,13.0,34.508455144740616,34.509803921568626,34.58646616541353,34.46054750402576,28.571428571428573,35.13513513513514,
01073005903,Jefferson County,Jefferson County,1,5149,0.0,2.02,0,14.4,76949.0,3181.0,1136,873,203.0,322.0,0.0,1741,1076.0,384,295,69.0,109.0,33.812390755486504,33.82584093052499,33.80281690140845,33.79152348224513,33.99014778325123,33.850931677018636,
01089002912,Madison County,Madison County,1,2448,0.0,0.0,0,1.0,143173.0,2106.0,499,612,6.0,4.0,0.0,1263,1087.0,258,316,3.0,2.0,51.59313725490196,51.61443494776828,51.703406813627254,51.63398692810458,50.0,50.0,
01001020100,Autauga County,Autauga County,1,1775,0.0,0.0,0,17.4,76979.0,1316.0,405,284,35.0,100.0,0.0,1469,1089.0,335,235,29.0,83.0,82.7605633802817,82.75075987841946,82.71604938271605,82.74647887323944,82.85714285714286,83.0,
01073010807,Jefferson County,Jefferson County,1,1450,0.0,2.48,0,1.6,119048.0,1105.0,259,320,10.0,15.0,0.0,1438,1096.0,257,317,10.0,15.0,99.17241379310344,99.18552036199095,99.22779922779922,99.0625,100.0,100.0,
01083020900,Limestone County,Limestone County,1,4293,0.0,0.37,0,6.9,122083.0,3414.0,881,944,40.0,47.0,0.0,1389,1105.0,285,305,13.0,15.0,32.3549965059399,32.36672524897481,32.349602724177075,32.309322033898304,32.5,31.914893617021278,
01001020501,Autauga County,Autauga County,1,4322,0.0,0.28,0,3.5,108233.0,4114.0,953,770,9.0,53.0,0.0,1201,1143.0,265,214,3.0,15.0,27.788061082832023,27.783179387457462,27.806925498426022,27.792207792207794,33.333333333333336,28.30188679245283,
01073011707,Jefferson County,Jefferson County,1,3825,0.0,0.0,0,3.5,77692.0,3273.0,736,749,44.0,112.0,0.0,1337,1144.0,257,262,15.0,39.0,34.95424836601307,34.95264283531928,34.91847826086956,34.979973297730304,34.09090909090909,34.82142857142857,
01089002722,Madison County,Madison County,1,3129,0.0,2.62,0,9.6,143177.0,2356.0,590,852,34.0,58.0,0.0,1528,1151.0,288,416,17.0,28.0,48.83349312879514,48.853989813242784,48.813559322033896,48.82629107981221,50.0,48.275862068965516,
01117030616,Shelby County,Shelby County,1,2810,0.0,0.0,0,3.8,139417.0,2222.0,637,589,42.0,0.0,0.0,1515,1198.0,344,318,23.0,0.0,53.91459074733096,53.915391539153916,54.003139717425434,53.98981324278438,54.76190476190476,,
01101005414,Montgomery County,Montgomery County,1,3945,0.0,0.28,0,4.6,99523.0,3804.0,925,372,27.0,239.0,0.0,1252,1207.0,293,118,9.0,76.0,31.73637515842839,31.72975814931651,31.675675675675677,31.72043010752688,33.333333333333336,31.799163179916317,
01059973200,Franklin County,Franklin County,1,4243,0.0,1.2,0,11.4,68125.0,2765.0,1231,593,108.0,374.0,0.0,1916,1248.0,556,268,49.0,169.0,45.1567287296724,45.13562386980109,45.166531275385864,45.193929173693085,45.370370370370374,45.18716577540107,
01073011108,Jefferson County,Jefferson County,1,5172,0.0,0.0,0,3.1,123906.0,4105.0,1125,1083,70.0,38.0,0.0,1579,1253.0,343,331,21.0,12.0,30.529775715390564,30.523751522533495,30.488888888888887,30.563250230840257,30.0,31.57894736842105,
01055010202,Etowah County,Etowah County,1,2563,0.0,5.03,0,9.6,105701.0,2051.0,557,543,21.0,110.0,0.0,1577,1262.0,343,334,13.0,68.0,61.52945766679672,61.53096050706972,61.57989228007181,61.51012891344383,61.904761904761905,61.81818181818182,
01089011025,Madison County,Madison County,1,6838,0.0,0.0,0,5.1,145773.0,5455.0,1913,777,43.0,79.0,0.0,1623,1295.0,454,184,10.0,19.0,23.73501023691138,23.73968835930339,23.732357553580762,23.680823680823682,23.25581395348837,24.050632911392405,
01015001000,Calhoun County,Calhoun County,1,5718,0.0,0.0,0,9.8,81286.0,3415.0,1040,1381,47.0,436.0,0.0,2181,1303.0,397,527,18.0,166.0,38.14270724029381,38.15519765739385,38.17307692307692,38.16075307748009,38.297872340425535,38.07339449541284,
01097005602,Mobile County,Mobile County,1,4593,0.0,1.0,0,8.9,105400.0,3749.0,1080,835,25.0,237.0,0.0,1598,1304.0,376,291,9.0,82.0,34.79207489658175,34.78260869565217,34.81481481481482,34.8502994011976,36.0,34.59915611814346,
01015000900,Calhoun County,Calhoun County,1,3417,0.0,4.92,0,4.0,98295.0,2657.0,526,1144,68.0,293.0,0.0,1697,1320.0,261,568,34.0,146.0,49.66344746853965,49.68009032743696,49.61977186311787,49.65034965034965,50.0,49.829351535836174,
01055000400,Etowah County,Etowah County,1,3947,0.0,0.81,0,13.5,76786.0,2373.0,781,958,43.0,173.0,0.0,2218,1333.0,439,538,24.0,97.0,56.194578160628325,56.17361989043405,56.20998719590269,56.15866388308977,55.81395348837209,56.06936416184971,
01089011021,Madison County,Madison County,1,5297,0.0,0.0,0,13.9,143333.0,3441.0,1220,514,102.0,282.0,0.0,2057,1337.0,474,200,40.0,110.0,38.833301868982446,38.85498401627434,38.85245901639344,38.91050583657587,39.21568627450981,39.00709219858156,
01089001903,Madison County,Madison County,1,2419,0.0,0.0,0,3.1,212574.0,1855.0,483,564,5.0,12.0,0.0,1751,1343.0,350,408,4.0,9.0,72.38528317486565,72.3989218328841,72.46376811594203,72.34042553191489,80.0,75.0,
01021060101,Chilton County,Chilton County,1,5136,0.0,3.84,0,17.6,79514.0,3016.0,1169,908,26.0,573.0,0.0,2291,1345.0,521,405,12.0,256.0,44.60669781931464,44.59549071618037,44.56800684345595,44.60352422907489,46.15384615384615,44.67713787085515,
01073011710,Jefferson County,Jefferson County,1,3721,0.0,0.21,0,3.1,112380.0,2570.0,736,852,122.0,54.0,0.0,1958,1353.0,387,448,64.0,28.0,52.620263370061814,52.64591439688716,52.58152173913044,52.582159624413144,52.459016393442624,51.851851851851855,
01103005108,Morgan County,Morgan County,1,3847,0.0,0.6,0,5.4,118839.0,3353.0,785,787,57.0,229.0,0.0,1564,1364.0,319,320,23.0,93.0,40.655055887704705,40.67998807038473,40.63694267515923,40.66073697585769,40.35087719298246,40.61135371179039,
01125012403,Tuscaloosa County,Tuscaloosa County,1,4692,0.0,0.0,0,5.4,75000.0,3125.0,1045,480,123.0,167.0,0.0,2050,1365.0,457,210,54.0,73.0,43.691389599317986,43.68,43.73205741626794,43.75,43.90243902439025,43.712574850299404,
01117030306,Shelby County,Shelby County,1,3866,0.0,0.0,0,18.3,78977.0,2583.0,995,504,56.0,113.0,0.0,2048,1368.0,527,267,30.0,60.0,52.97465080186239,52.961672473867594,52.96482412060301,52.976190476190474,53.57142857142857,53.097345132743364,
01015002102,Calhoun County,Calhoun County,1,3243,0.0,0.19,0,13.2,74890.0,2687.0,672,647,40.0,6.0,0.0,1662,1377.0,344,332,20.0,3.0,51.24884366327475,51.24674358020097,51.19047619047619,51.31375579598145,50.0,50.0,
01021060103,Chilton County,Chilton County,1,3310,0.0,0.0,0,8.4,87083.0,1769.0,857,526,4.0,102.0,0.0,2588,1383.0,670,411,3.0,80.0,78.18731117824774,78.17976257772753,78.17969661610269,78.13688212927757,75.0,78.43137254901961,
01073010801,Jefferson County,Jefferson County,1,7112,0.0,0.0,0,3.3,250001.0,6773.0,1634,1173,58.0,0.0,0.0,1462,1393.0,336,241,12.0,0.0,20.556805399325086,20.56695703528717,20.563035495716033,20.545609548167093,20.689655172413794,,
01101002600,Montgomery County,Montgomery County,1,5458,0.0,0.66,0,11.1,89451.0,3885.0,978,1452,35.0,447.0,0.0,1977,1408.0,354,526,13.0,162.0,36.22205936240381,36.241956241956245,36.19631901840491,36.225895316804404,37.142857142857146,36.241610738255034,
01103000200,Morgan County,Morgan County,1,3696,0.0,0.0,0,4.0,104640.0,2924.0,783,775,45.0,52.0,0.0,1785,1412.0,378,374,22.0,25.0,48.29545454545455,48.29001367989056,48.275862068965516,48.25806451612903,48.888888888888886,48.07692307692308,
01001020600,Autauga County,Autauga County,1,3729,0.0,0.0,0,10.4,105994.0,2488.0,961,570,11.0,148.0,0.0,2127,1419.0,548,325,6.0,84.0,57.03942075623492,57.033762057877816,57.02393340270552,57.01754385964912,54.54545454545455,56.75675675675676,
01117030212,Shelby County,Shelby County,1,3607,0.0,0.0,0,6.8,100183.0,2798.0,527,295,188.0,48.0,0.0,1840,1427.0,269,150,96.0,24.0,51.01192126420848,51.000714796283056,51.04364326375712,50.847457627118644,51.06382978723404,50.0,
01089002911,Madison County,Madison County,1,4489,0.0,0.0,0,3.5,123523.0,3453.0,910,1029,43.0,102.0,0.0,1856,1428.0,376,425,18.0,42.0,41.34551124972154,41.355343179843615,41.31868131868132,41.3022351797862,41.86046511627907,41.1764705882353,
01077011101,Lauderdale County,Lauderdale County,1,5618,0.0,0.07,0,5.7,89144.0,4431.0,1154,1238,31.0,130.0,0.0,1817,1433.0,373,400,10.0,42.0,32.34247063011748,32.3403294967276,32.32235701906413,32.31017770597738,32.25806451612903,32.30769230769231,
01073012916,Jefferson County,Jefferson County,1,3948,0.0,0.0,0,7.7,151250.0,2947.0,954,778,29.0,112.0,0.0,1926,1438.0,465,380,14.0,55.0,48.78419452887538,48.79538513742789,48.742138364779876,48.84318766066838,48.275862068965516,49.107142857142854,
01073012001,Jefferson County,Jefferson County,1,4249,0.0,2.35,0,14.5,80703.0,2569.0,766,950,186.0,312.0,0.0,2383,1441.0,430,533,104.0,175.0,56.0837844198635,56.09186453873102,56.13577023498694,56.10526315789474,55.913978494623656,56.08974358974359,
01073010802,Jefferson County,Jefferson County,1,3633,0.0,0.0,0,8.7,250001.0,3793.0,1039,652,10.0,0.0,0.0,1382,1442.0,395,248,4.0,0.0,38.04018717313515,38.0174004745584,38.017324350336864,38.03680981595092,40.0,,
01103005105,Morgan County,Morgan County,1,2195,0.0,0.0,0,3.8,114560.0,2049.0,362,658,22.0,25.0,0.0,1554,1451.0,256,466,16.0,18.0,70.79726651480638,70.8150317227916,70.7182320441989,70.82066869300913,72.72727272727273,72.0,
01089010628,Madison County,Madison County,1,3341,0.0,0.0,0,4.7,149375.0,3474.0,790,450,26.0,46.0,0.0,1404,1460.0,332,189,11.0,19.0,42.023346303501945,42.026482440990215,42.0253164556962,42.0,42.30769230769231,41.30434782608695,
01089002721,Madison County,Madison County,1,4042,0.0,0.0,0,7.0,131250.0,4074.0,698,1149,23.0,58.0,0.0,1456,1467.0,251,414,8.0,21.0,36.021771400296885,36.00883652430044,35.95988538681949,36.0313315926893,34.78260869565217,36.206896551724135,
01117030340,Shelby County,Shelby County,1,5681,0.0,0.0,0,10.1,104187.0,4135.0,1512,614,0.0,144.0,0.0,2028,1476.0,540,219,0.0,51.0,35.69794050343249,35.69528415961306,35.714285714285715,35.66775244299674,,35.416666666666664,
01089002924,Madison County,Madison County,1,3075,0.0,9.76,0,13.9,124318.0,2612.0,590,692,78.0,18.0,0.0,1740,1478.0,334,392,44.0,10.0,56.58536585365854,56.58499234303216,56.610169491525426,56.64739884393064,56.41025641025641,55.55555555555556,
01095030401,Marshall County,Marshall County,1,4817,0.0,0.21,0,18.5,82031.0,3277.0,1115,966,84.0,262.0,0.0,2179,1482.0,504,437,38.0,118.0,45.23562383226074,45.22429050961245,45.2017937219731,45.23809523809524,45.23809523809524,45.038167938931295,
01069040206,Houston County,Houston County,1,4597,0.0,2.87,0,7.3,96429.0,3068.0,927,961,51.0,113.0,0.0,2230,1488.0,450,466,25.0,55.0,48.50989775940831,48.5006518904824,48.54368932038835,48.49115504682622,49.01960784313726,48.67256637168141,
01073012917,Jefferson County,Jefferson County,1,3066,0.0,0.0,0,1.8,173500.0,2247.0,762,675,201.0,77.0,0.0,2050,1502.0,510,451,134.0,51.0,66.86236138290933,66.84468179795283,66.92913385826772,66.81481481481481,66.66666666666667,66.23376623376623,
01095030702,Marshall County,Marshall County,1,3993,0.0,6.11,0,18.0,74632.0,2105.0,793,768,80.0,227.0,0.0,2868,1512.0,570,552,57.0,163.0,71.82569496619084,71.8289786223278,71.87894073139975,71.875,71.25,71.80616740088105,
01125012503,Tuscaloosa County,Tuscaloosa County,1,4719,0.0,0.0,0,9.5,90096.0,4480.0,1132,720,0.0,132.0,0.0,1609,1528.0,386,246,0.0,45.0,34.09620682347955,34.107142857142854,34.09893992932862,34.166666666666664,,34.09090909090909,
01097003409,Mobile County,Mobile County,1,3016,0.0,0.0,0,9.9,102356.0,2116.0,684,531,0.0,153.0,0.0,2212,1552.0,502,389,0.0,112.0,73.342175066313,73.34593572778827,73.39181286549707,73.25800376647834,,73.20261437908496,
01003011415,Baldwin County,Baldwin County,1,2019,0.0,0.0,0,2.0,140139.0,1712.0,170,804,0.0,12.0,0.0,1844,1564.0,155,734,0.0,11.0,91.33234274393264,91.35514018691589,91.17647058823529,91.29353233830845,,91.66666666666667,
01003011103,Baldwin County,Baldwin County,1,3523,0.0,0.0,0,8.6,100976.0,2883.0,828,710,48.0,31.0,0.0,1929,1578.0,453,389,26.0,17.0,54.754470621629295,54.73465140478668,54.710144927536234,54.7887323943662,54.166666666666664,54.83870967741935,
01117030610,Shelby County,Shelby County,1,4143,0.0,0.0,0,12.2,93125.0,2545.0,1167,487,33.0,83.0,0.0,2601,1598.0,733,306,21.0,52.0,62.78059377262853,62.789783889980356,62.81062553556127,62.83367556468173,63.63636363636363,62.65060240963855,
01033020400,Colbert County,Colbert County,1,1504,0.0,0.0,0,2.6,82371.0,1613.0,291,382,7.0,20.0,0.0,1504,1613.0,291,382,7.0,20.0,100.0,100.0,100.0,100.0,100.0,100.0,
01073011113,Jefferson County,Jefferson County,1,4006,0.0,0.0,0,14.2,77701.0,2300.0,915,566,90.0,247.0,0.0,2809,1613.0,642,397,63.0,173.0,70.1198202695956,70.1304347826087,70.1639344262295,70.14134275618375,70.0,70.04048582995951,
01097007101,Mobile County,Mobile County,1,4575,0.0,0.0,0,19.3,80225.0,2536.0,1121,745,34.0,278.0,0.0,2982,1653.0,731,486,22.0,181.0,65.18032786885246,65.1813880126183,65.20963425512934,65.23489932885906,64.70588235294117,65.10791366906474,
01117030347,Shelby County,Shelby County,1,4736,0.0,5.0,0,13.6,90411.0,3635.0,711,885,141.0,14.0,0.0,2159,1657.0,324,403,64.0,6.0,45.58699324324324,45.584594222833566,45.56962025316456,45.536723163841806,45.39007092198582,42.857142857142854,
01069040900,Houston County,Houston County,1,5532,0.0,0.51,0,11.4,76964.0,3968.0,1224,972,60.0,256.0,0.0,2313,1659.0,512,406,25.0,107.0,41.81127982646421,41.809475806451616,41.830065359477125,41.76954732510288,41.666666666666664,41.796875,
01115040212,St. Clair County,St. Clair County,1,2529,0.0,0.0,0,13.4,95000.0,2011.0,411,654,0.0,101.0,0.0,2097,1667.0,341,542,0.0,84.0,82.91814946619218,82.89408254599702,82.9683698296837,82.87461773700306,,83.16831683168317,
01073005302,Jefferson County,Jefferson County,1,3484,0.0,0.14,0,3.6,92600.0,2701.0,637,663,27.0,84.0,0.0,2152,1668.0,393,410,17.0,52.0,61.76808266360505,61.75490559052203,61.69544740973313,61.840120663650076,62.96296296296296,61.904761904761905,
01089002922,Madison County,Madison County,1,4210,0.0,0.0,0,8.2,135057.0,3508.0,867,950,16.0,11.0,0.0,2006,1671.0,413,453,8.0,5.0,47.648456057007124,47.63397947548461,47.635524798154556,47.68421052631579,50.0,45.45454545454545,
01081040402,Lee County,Lee County,1,2055,0.0,0.0,0,14.0,142889.0,2175.0,464,369,0.0,8.0,0.0,1592,1685.0,360,286,0.0,6.0,77.46958637469587,77.47126436781609,77.58620689655173,77.50677506775068,,75.0,
01073012307,Jefferson County,Jefferson County,1,3900,0.0,0.0,0,12.2,88158.0,2850.0,881,684,12.0,204.0,0.0,2308,1687.0,521,405,7.0,121.0,59.17948717948718,59.19298245614035,59.137343927355275,59.21052631578947,58.333333333333336,59.31372549019608,
01003011413,Baldwin County,Baldwin County,1,3982,0.0,0.83,0,3.4,101381.0,3590.0,700,1110,48.0,16.0,0.0,1946,1754.0,342,542,23.0,8.0,48.869914615770966,48.85793871866295,48.857142857142854,48.828828828828826,47.916666666666664,50.0,
01097006413,Mobile County,Mobile County,1,4110,0.0,0.0,0,5.3,112284.0,3444.0,1030,587,6.0,21.0,0.0,2096,1756.0,525,299,3.0,11.0,50.99756690997567,50.987224157955865,50.970873786407765,50.936967632027255,50.0,52.38095238095238,
01101005605,Montgomery County,Montgomery County,1,3712,0.0,2.88,0,16.0,71788.0,2909.0,792,675,77.0,165.0,0.0,2247,1761.0,479,409,47.0,100.0,60.533405172413794,60.5362667583362,60.47979797979798,60.592592592592595,61.03896103896104,60.60606060606061,
01051031100,Elmore County,Elmore County,1,4267,0.0,0.23,0,6.2,88727.0,3185.0,957,818,7.0,125.0,0.0,2373,1771.0,532,455,4.0,70.0,55.61284274666042,55.604395604395606,55.59038662486938,55.62347188264059,57.142857142857146,56.0,
01097006803,Mobile County,Mobile County,1,3104,0.0,0.0,0,3.7,100313.0,2375.0,667,614,0.0,67.0,0.0,2315,1771.0,497,458,0.0,50.0,74.58118556701031,74.56842105263158,74.5127436281859,74.5928338762215,,74.6268656716418,
01117030317,Shelby County,Shelby County,1,4111,0.0,0.61,0,4.4,113653.0,4451.0,1099,498,28.0,56.0,0.0,1642,1778.0,439,199,11.0,22.0,39.941620043784965,39.94607953268928,39.94540491355778,39.95983935742972,39.285714285714285,39.285714285714285,
01125010407,Tuscaloosa County,Tuscaloosa County,1,3504,0.0,4.22,0,18.9,91273.0,2592.0,729,749,55.0,185.0,0.0,2414,1786.0,502,516,38.0,127.0,68.89269406392694,68.90432098765432,68.86145404663924,68.89185580774365,69.0909090909091,68.64864864864865,
01089010706,Madison County,Madison County,1,4794,0.0,0.0,0,13.1,119301.0,3233.0,955,822,46.0,124.0,0.0,2687,1812.0,535,461,26.0,70.0,56.049228201919064,56.04701515620167,56.02094240837696,56.08272506082725,56.52173913043478,56.45161290322581,
01117030316,Shelby County,Shelby County,1,5096,0.0,0.0,0,2.6,92038.0,3437.0,1184,683,0.0,66.0,0.0,2701,1822.0,628,362,0.0,35.0,53.00235478806908,53.01134710503346,53.04054054054054,53.00146412884334,,53.03030303030303,
01003011503,Baldwin County,Baldwin County,1,7482,0.0,0.0,0,9.7,82026.0,5672.0,1575,1627,145.0,165.0,0.0,2420,1834.0,509,526,47.0,53.0,32.344292969794175,32.334273624823695,32.317460317460316,32.32944068838353,32.41379310344828,32.121212121212125,
01069040204,Houston County,Houston County,1,5884,0.0,0.15,0,9.0,102350.0,4814.0,1157,1482,66.0,176.0,0.0,2254,1844.0,443,568,25.0,67.0,38.30727396329028,38.304943913585376,38.28867761452031,38.32658569500675,37.878787878787875,38.06818181818182,
01097005601,Mobile County,Mobile County,1,3068,0.0,0.0,0,5.1,128077.0,2131.0,641,696,0.0,117.0,0.0,2667,1852.0,557,605,0.0,102.0,86.92959582790091,86.90755513843266,86.89547581903277,86.92528735632185,,87.17948717948718,
01077011504,Lauderdale County,Lauderdale County,1,4347,0.0,0.51,0,7.1,135573.0,3308.0,740,1436,21.0,104.0,0.0,2447,1862.0,417,808,12.0,59.0,56.2916954221302,56.287787182587664,56.351351351351354,56.26740947075209,57.142857142857146,56.73076923076923,
01003011202,Baldwin County,Baldwin County,1,6773,0.0,5.14,0,8.2,109583.0,5344.0,1262,2024,104.0,94.0,0.0,2385,1882.0,444,713,37.0,33.0,35.21334711353905,35.217065868263475,35.182250396196515,35.22727272727273,35.57692307692308,35.1063829787234,
01125010206,Tuscaloosa County,Tuscaloosa County,1,5129,0.0,0.0,0,8.0,120583.0,4169.0,1137,992,113.0,24.0,0.0,2353,1912.0,522,455,52.0,11.0,45.87638915968025,45.862317102422644,45.91029023746702,45.86693548387097,46.017699115044245,45.833333333333336,
01103005302,Morgan County,Morgan County,1,4149,0.0,0.14,0,18.3,98679.0,3006.0,1006,761,108.0,222.0,0.0,2648,1919.0,642,486,69.0,142.0,63.82260785731501,63.838988689288094,63.81709741550696,63.863337713534825,63.888888888888886,63.96396396396396,
01089001401,Madison County,Madison County,1,2347,0.0,0.0,0,5.0,126577.0,2368.0,380,283,25.0,18.0,0.0,1923,1940.0,311,232,20.0,15.0,81.93438432040904,81.92567567567568,81.84210526315789,81.97879858657244,80.0,83.33333333333333,
01089010630,Madison County,Madison County,1,3195,0.0,0.0,0,1.4,174500.0,2745.0,569,650,0.0,0.0,0.0,2269,1949.0,404,462,0.0,0.0,71.01721439749609,71.00182149362477,71.00175746924428,71.07692307692308,,,
01081042007,Lee County,Lee County,1,3123,0.0,0.0,0,12.6,93870.0,2239.0,852,300,95.0,89.0,0.0,2724,1953.0,743,262,83.0,78.0,87.223823246878,87.22644037516748,87.20657276995306,87.33333333333333,87.36842105263158,87.64044943820225,
01101005609,Montgomery County,Montgomery County,1,5034,0.0,0.0,0,3.7,112167.0,4493.0,1131,420,33.0,175.0,0.0,2188,1953.0,492,183,14.0,76.0,43.46444179578864,43.467616292009794,43.50132625994695,43.57142857142857,42.42424242424242,43.42857142857143,
01073011004,Jefferson County,Jefferson County,1,3643,0.0,0.0,0,3.1,112733.0,2481.0,847,689,30.0,87.0,0.0,2874,1958.0,668,544,24.0,69.0,78.89102388141642,78.91979040709391,78.86658795749705,78.95500725689405,80.0,79.3103448275862,
01097006503,Mobile County,Mobile County,1,3726,0.0,0.0,0,7.0,136970.0,3023.0,1016,469,10.0,104.0,0.0,2430,1971.0,663,306,7.0,68.0,65.21739130434783,65.20013231888852,65.25590551181102,65.2452025586354,70.0,65.38461538461539,
01073011709,Jefferson County,Jefferson County,1,4956,0.0,2.24,0,6.1,98763.0,3212.0,1211,968,64.0,208.0,0.0,3064,1986.0,749,598,40.0,129.0,61.82405165456013,61.830635118306354,61.84971098265896,61.77685950413223,62.5,62.01923076923077,
01073010804,Jefferson County,Jefferson County,1,3312,0.0,0.0,0,1.9,237159.0,3063.0,861,678,14.0,0.0,0.0,2149,1988.0,559,440,9.0,0.0,64.88526570048309,64.90368919360104,64.92450638792103,64.89675516224189,64.28571428571429,,
01073014405,Jefferson County,Jefferson County,1,4226,0.0,0.0,0,14.3,95238.0,2812.0,1037,572,21.0,107.0,0.0,2998,1995.0,736,406,15.0,76.0,70.94178892569806,70.94594594594595,70.97396335583414,70.97902097902097,71.42857142857143,71.02803738317758,
01081042005,Lee County,Lee County,1,4218,0.0,0.0,0,7.1,80313.0,2731.0,1081,520,41.0,134.0,0.0,3089,2000.0,792,381,30.0,98.0,73.23376007586533,73.23324789454412,73.26549491211841,73.26923076923077,73.17073170731707,73.13432835820896,
01101005413,Montgomery County,Montgomery County,1,3973,0.0,0.0,0,5.2,115833.0,2694.0,599,1294,0.0,10.0,0.0,2983,2023.0,450,972,0.0,8.0,75.08180216461112,75.0927988121752,75.12520868113522,75.11591962905719,,80.0,
01101005612,Montgomery County,Montgomery County,1,2131,0.0,0.0,0,2.9,114306.0,2063.0,609,177,10.0,20.0,0.0,2094,2027.0,598,174,10.0,20.0,98.26372595025809,98.25496849248667,98.19376026272577,98.30508474576271,100.0,100.0,
01101005407,Montgomery County,Montgomery County,1,4335,0.0,4.78,0,6.4,75144.0,3353.0,690,860,110.0,85.0,0.0,2673,2067.0,425,530,68.0,52.0,61.660899653979236,61.646286907247244,61.594202898550726,61.627906976744185,61.81818181818182,61.1764705882353,
01101005411,Montgomery County,Montgomery County,1,3092,0.0,0.0,0,3.4,178636.0,3006.0,552,836,72.0,0.0,0.0,2175,2114.0,388,588,51.0,0.0,70.34282018111254,70.32601463739188,70.28985507246377,70.33492822966507,70.83333333333333,,
01097006402,Mobile County,Mobile County,1,4870,0.0,0.31,0,12.8,77839.0,3468.0,1272,712,59.0,404.0,0.0,2971,2116.0,776,434,36.0,246.0,61.006160164271044,61.01499423298731,61.0062893081761,60.95505617977528,61.016949152542374,60.89108910891089,
01097006804,Mobile County,Mobile County,1,5433,0.0,0.15,0,10.8,131914.0,3943.0,1231,1060,17.0,191.0,0.0,2925,2123.0,663,571,9.0,103.0,53.83765875207068,53.8422520923155,53.858651502843216,53.867924528301884,52.94117647058823,53.92670157068063,
01095030801,Marshall County,Marshall County,1,5137,0.0,2.76,0,18.2,110851.0,3307.0,1474,845,131.0,185.0,0.0,3308,2130.0,949,544,84.0,119.0,64.3955616118357,64.40882975506501,64.38263229308005,64.37869822485207,64.12213740458016,64.32432432432432,
01097006306,Mobile County,Mobile County,1,4737,0.0,0.0,0,12.3,92731.0,3803.0,1183,671,26.0,261.0,0.0,2660,2135.0,664,377,15.0,147.0,56.153683766096684,56.139889560872994,56.128486897717664,56.18479880774963,57.69230769230769,56.32183908045977,
01089011013,Madison County,Madison County,1,4960,0.0,0.0,0,3.2,132688.0,4246.0,1172,731,14.0,20.0,0.0,2509,2148.0,593,370,7.0,10.0,50.58467741935484,50.588789448893074,50.59726962457338,50.6155950752394,50.0,50.0,
01115040104,St. Clair County,St. Clair County,1,5400,0.0,0.0,0,2.0,108355.0,4917.0,1168,1031,97.0,19.0,0.0,2363,2151.0,511,451,42.0,8.0,43.75925925925926,43.74618669920683,43.75,43.743937924345296,43.29896907216495,42.10526315789474,
01003010707,Baldwin County,Baldwin County,1,4994,0.0,4.47,0,5.2,140202.0,5063.0,1128,1051,176.0,13.0,0.0,2131,2161.0,481,449,75.0,6.0,42.67120544653584,42.68220422674304,42.641843971631204,42.72121788772598,42.61363636363637,46.15384615384615,
01089011023,Madison County,Madison County,1,6113,0.0,1.1,0,3.7,152944.0,6423.0,1573,841,131.0,17.0,0.0,2072,2177.0,533,285,44.0,6.0,33.8949779159169,33.893819087653746,33.88429752066116,33.88822829964328,33.587786259541986,35.294117647058826,
01081042008,Lee County,Lee County,1,5961,0.0,0.0,0,8.8,72803.0,3771.0,1790,492,22.0,102.0,0.0,3486,2205.0,1047,288,13.0,60.0,58.48012078510317,58.472553699284006,58.49162011173184,58.53658536585366,59.09090909090909,58.8235294117647,
01125012305,Tuscaloosa County,Tuscaloosa County,1,4616,0.0,0.22,0,3.3,82868.0,3766.0,1114,541,19.0,151.0,0.0,2761,2253.0,666,324,11.0,90.0,59.81369150779896,59.82474774296335,59.78456014362657,59.88909426987061,57.89473684210526,59.602649006622514,
01003011501,Baldwin County,Baldwin County,1,7216,0.0,3.66,0,16.0,79313.0,5062.0,1350,2031,144.0,278.0,0.0,3255,2283.0,609,916,65.0,125.0,45.10809312638581,45.10075069142631,45.111111111111114,45.10093549975382,45.138888888888886,44.96402877697842,
01089010629,Madison County,Madison County,1,5136,0.0,0.0,0,7.9,134467.0,4694.0,1239,683,129.0,46.0,0.0,2518,2301.0,607,335,63.0,23.0,49.02647975077882,49.02002556455049,48.991121872477805,49.04831625183016,48.83720930232558,50.0,
01031011203,Coffee County,Coffee County,1,5259,0.0,0.0,0,6.4,87833.0,4267.0,1372,933,87.0,87.0,0.0,2854,2316.0,745,506,47.0,47.0,54.26887240920327,54.277009608624326,54.3002915451895,54.233654876741696,54.02298850574713,54.02298850574713,
01101005412,Montgomery County,Montgomery County,1,6381,0.0,0.0,0,8.1,115719.0,5275.0,1101,1409,48.0,155.0,0.0,2822,2333.0,487,623,21.0,69.0,44.225043096693305,44.22748815165877,44.23251589464124,44.215755855216464,43.75,44.516129032258064,
01089000901,Madison County,Madison County,1,4522,0.0,0.0,0,15.9,112273.0,3501.0,657,1226,104.0,110.0,0.0,3071,2377.0,446,833,71.0,75.0,67.91242812914639,67.89488717509283,67.88432267884323,67.94453507340945,68.26923076923077,68.18181818181819,
01073012004,Jefferson County,Jefferson County,1,5670,0.0,0.0,0,12.0,81638.0,4601.0,1232,961,63.0,160.0,0.0,2939,2385.0,639,498,33.0,83.0,51.8342151675485,51.836557270158664,51.866883116883116,51.8210197710718,52.38095238095238,51.875,
01089010612,Madison County,Madison County,1,7139,0.0,1.83,0,5.8,102162.0,6376.0,1426,1187,207.0,202.0,0.0,2754,2460.0,550,458,80.0,78.0,38.576831489004064,38.58218318695106,38.569424964936886,38.58466722830666,38.64734299516908,38.613861386138616,
01073014205,Jefferson County,Jefferson County,1,3213,0.0,0.0,0,3.9,133333.0,2712.0,607,537,0.0,16.0,0.0,2963,2501.0,560,495,0.0,15.0,92.2191098661687,92.21976401179941,92.25700164744646,92.17877094972067,,93.75,
01089010802,Madison County,Madison County,1,5526,0.0,0.0,0,3.8,102383.0,3940.0,1214,911,29.0,141.0,0.0,3553,2533.0,781,586,19.0,91.0,64.2960550126674,64.28934010152284,64.332784184514,64.32491767288694,65.51724137931035,64.53900709219859,
01089001901,Madison County,Madison County,1,3489,0.0,0.11,0,2.0,238958.0,3318.0,665,961,0.0,15.0,0.0,2683,2551.0,511,739,0.0,12.0,76.89882487818859,76.8836648583484,76.84210526315789,76.8990634755463,,80.0,
01125010405,Tuscaloosa County,Tuscaloosa County,1,4677,0.0,0.0,0,5.5,150786.0,4718.0,1337,603,40.0,38.0,0.0,2531,2554.0,724,326,22.0,21.0,54.115886251870855,54.13310724883425,54.15108451757666,54.06301824212272,55.0,55.26315789473684,
01125010201,Tuscaloosa County,Tuscaloosa County,1,5227,0.0,0.0,0,0.0,124028.0,4033.0,1510,603,5.0,21.0,0.0,3311,2555.0,956,382,3.0,13.0,63.34417447866845,63.35234316885693,63.311258278145694,63.349917081260365,60.0,61.904761904761905,
01055010402,Etowah County,Etowah County,1,6148,0.0,0.52,0,7.3,83389.0,3670.0,1287,1527,15.0,96.0,0.0,4299,2566.0,900,1068,10.0,67.0,69.92517891997397,69.9182561307902,69.93006993006993,69.9410609037328,66.66666666666667,69.79166666666667,
01081040502,Lee County,Lee County,1,4536,0.0,0.0,0,11.9,102750.0,4048.0,922,504,58.0,178.0,0.0,2951,2634.0,600,328,38.0,116.0,65.05731922398589,65.06916996047431,65.0759219088937,65.07936507936508,65.51724137931035,65.1685393258427,
01089011026,Madison County,Madison County,1,3835,0.0,1.2,0,1.7,174141.0,3757.0,1140,413,15.0,13.0,0.0,2709,2653.0,805,292,11.0,9.0,70.63885267275097,70.61485227575193,70.6140350877193,70.70217917675545,73.33333333333333,69.23076923076923,
01103005101,Morgan County,Morgan County,1,5146,0.0,0.0,0,4.2,108569.0,4163.0,1147,820,4.0,54.0,0.0,3289,2661.0,733,524,3.0,35.0,63.91371939370385,63.92024981984146,63.905841325196164,63.90243902439025,75.0,64.81481481481481,
01003010710,Baldwin County,Baldwin County,1,6156,0.0,1.72,0,10.4,114231.0,4654.0,1425,1014,0.0,21.0,0.0,3560,2691.0,824,586,0.0,12.0,57.82975958414555,57.82122905027933,57.824561403508774,57.790927021696255,,57.142857142857146,
01117030221,Shelby County,Shelby County,1,5378,0.0,0.0,0,3.5,162500.0,4783.0,1100,738,17.0,21.0,0.0,3043,2706.0,622,418,10.0,12.0,56.5823726292302,56.57537110600042,56.54545454545455,56.639566395663955,58.8235294117647,57.142857142857146,
01003011414,Baldwin County,Baldwin County,1,3461,0.0,0.46,0,2.2,127315.0,3278.0,557,925,72.0,20.0,0.0,2876,2724.0,463,769,60.0,17.0,83.09737070210922,83.09945088468578,83.12387791741472,83.13513513513513,83.33333333333333,85.0,
01097006412,Mobile County,Mobile County,1,4923,0.0,0.0,0,7.5,122880.0,4562.0,1348,595,17.0,159.0,0.0,2943,2727.0,806,356,10.0,95.0,59.78062157221206,59.776413853573,59.79228486646884,59.831932773109244,58.8235294117647,59.74842767295598,
01003011104,Baldwin County,Baldwin County,1,7875,0.0,0.28,0,10.0,106088.0,6648.0,1712,2132,77.0,113.0,0.0,3342,2821.0,727,905,33.0,48.0,42.43809523809524,42.4338146811071,42.46495327102804,42.448405253283305,42.857142857142854,42.47787610619469,
01003010704,Baldwin County,Baldwin County,1,5307,0.0,0.0,0,7.4,102885.0,4076.0,1224,935,20.0,0.0,0.0,3716,2854.0,857,655,14.0,0.0,70.02072734124741,70.01962708537782,70.01633986928104,70.05347593582887,70.0,,
01101005503,Montgomery County,Montgomery County,1,6176,0.0,0.0,0,3.5,105853.0,5906.0,1709,675,15.0,36.0,0.0,2985,2854.0,826,326,7.0,17.0,48.33225388601036,48.323738570944805,48.33235810415447,48.2962962962963,46.666666666666664,47.22222222222222,
01003011419,Baldwin County,Baldwin County,1,5154,0.0,0.0,0,12.5,78651.0,3954.0,673,1807,61.0,162.0,0.0,3722,2856.0,486,1305,44.0,117.0,72.21575475358945,72.23065250379362,72.21396731054978,72.2191477587161,72.1311475409836,72.22222222222223,
01117030320,Shelby County,Shelby County,1,5500,0.0,0.0,0,2.6,112212.0,4757.0,1467,669,27.0,58.0,0.0,3325,2876.0,887,404,16.0,35.0,60.45454545454545,60.458272020180786,60.46353101567826,60.38863976083707,59.25925925925926,60.3448275862069,
01031011204,Coffee County,Coffee County,1,4116,0.0,0.0,0,3.5,172500.0,3570.0,1093,627,6.0,11.0,0.0,3340,2897.0,887,509,5.0,9.0,81.14674441205054,81.1484593837535,81.15279048490393,81.18022328548645,83.33333333333333,81.81818181818181,
01073014404,Jefferson County,Jefferson County,1,5918,0.0,0.07,0,7.8,103017.0,4506.0,1321,679,52.0,156.0,0.0,3809,2900.0,850,437,33.0,100.0,64.36296045961474,64.35863293386596,64.3451930355791,64.35935198821797,63.46153846153846,64.1025641025641,
01117030305,Shelby County,Shelby County,1,3935,0.0,0.0,0,0.6,146005.0,3660.0,971,804,32.0,0.0,0.0,3139,2919.0,774,641,26.0,0.0,79.7712833545108,79.75409836065573,79.71163748712668,79.72636815920399,81.25,,
01003010706,Baldwin County,Baldwin County,1,4038,0.0,0.0,0,2.5,150893.0,3566.0,881,863,15.0,0.0,0.0,3336,2946.0,728,713,12.0,0.0,82.61515601783061,82.61357263039821,82.633371169126,82.61877172653534,80.0,,
01073014412,Jefferson County,Jefferson County,1,4329,0.0,0.28,0,2.1,141125.0,4496.0,1122,790,20.0,8.0,0.0,2850,2960.0,739,520,13.0,5.0,65.83506583506583,65.83629893238434,65.8645276292335,65.82278481012658,65.0,62.5,
01073014410,Jefferson County,Jefferson County,1,5568,0.0,0.0,0,4.5,131390.0,4833.0,1172,987,8.0,62.0,0.0,3505,3042.0,738,621,5.0,39.0,62.94899425287356,62.94227188081937,62.96928327645051,62.91793313069909,62.5,62.903225806451616,
01117030330,Shelby County,Shelby County,1,5557,0.0,0.0,0,5.1,160408.0,4777.0,1213,1021,25.0,63.0,0.0,3559,3059.0,777,654,16.0,40.0,64.04534820946554,64.0360058614193,64.0560593569662,64.05484818805093,64.0,63.492063492063494,
01073011109,Jefferson County,Jefferson County,1,4273,0.0,0.35,0,1.0,162171.0,4398.0,977,953,35.0,56.0,0.0,2979,3066.0,681,664,24.0,39.0,69.71682658553709,69.71350613915416,69.70317297850563,69.67471143756558,68.57142857142857,69.64285714285714,
01125010802,Tuscaloosa County,Tuscaloosa County,1,4626,0.0,0.06,0,6.4,88654.0,4167.0,992,829,47.0,91.0,0.0,3407,3069.0,730,610,35.0,67.0,73.64894076956334,73.65010799136068,73.58870967741936,73.58262967430639,74.46808510638297,73.62637362637362,
01069040205,Houston County,Houston County,1,5732,0.0,0.26,0,2.3,110614.0,5053.0,1232,1126,141.0,22.0,0.0,3508,3093.0,754,689,86.0,13.0,61.20027913468248,61.211161686127056,61.201298701298704,61.19005328596803,60.99290780141844,59.09090909090909,
01073011708,Jefferson County,Jefferson County,1,6297,0.0,0.0,0,6.7,94514.0,4287.0,1448,1227,80.0,170.0,0.0,4593,3127.0,1056,895,58.0,124.0,72.93949499761791,72.94145089806392,72.92817679558011,72.94213528932356,72.5,72.94117647058823,
01089002803,Madison County,Madison County,1,5257,0.0,0.0,0,2.3,115086.0,4199.0,1287,656,19.0,132.0,0.0,4002,3197.0,980,499,14.0,100.0,76.1270686703443,76.13717551798047,76.14607614607614,76.0670731707317,73.6842105263158,75.75757575757575,
01089011024,Madison County,Madison County,1,4809,0.0,0.0,0,3.3,157460.0,5384.0,1435,387,0.0,7.0,0.0,2863,3205.0,854,230,0.0,4.0,59.53420669577875,59.528231797919766,59.51219512195122,59.43152454780362,,57.142857142857146,
01003010800,Baldwin County,Baldwin County,1,7807,0.0,1.52,0,8.8,84371.0,5555.0,1599,1811,27.0,272.0,0.0,4506,3206.0,923,1045,16.0,157.0,57.71743307288331,57.71377137713771,57.72357723577236,57.70292655991165,59.25925925925926,57.720588235294116,
01103005304,Morgan County,Morgan County,1,6079,0.0,0.0,0,4.3,91773.0,4443.0,1506,1013,0.0,158.0,0.0,4449,3251.0,1102,741,0.0,116.0,73.18637933870703,73.17128066621652,73.17397078353254,73.14906219151037,,73.41772151898734,
01073012911,Jefferson County,Jefferson County,1,6757,0.0,0.83,0,3.9,212857.0,4731.0,1687,1426,0.0,42.0,0.0,4701,3292.0,1174,992,0.0,29.0,69.57229539736569,69.58359754808708,69.59098992294012,69.56521739130434,,69.04761904761905,
01103005404,Morgan County,Morgan County,1,6162,0.0,0.73,0,8.6,119781.0,4704.0,1420,1132,52.0,29.0,0.0,4356,3325.0,1004,800,37.0,21.0,70.69133398247322,70.68452380952381,70.70422535211267,70.6713780918728,71.15384615384616,72.41379310344827,
01117030346,Shelby County,Shelby County,1,3847,0.0,0.0,0,2.5,130719.0,3564.0,743,1023,0.0,28.0,0.0,3604,3339.0,696,958,0.0,26.0,93.68338965427606,93.68686868686869,93.6742934051144,93.64613880742912,,92.85714285714286,
01073012907,Jefferson County,Jefferson County,1,5151,0.0,0.25,0,6.0,119219.0,3462.0,1043,800,6.0,40.0,0.0,5042,3389.0,1021,783,6.0,39.0,97.88390603766258,97.89139225880993,97.89069990412273,97.875,100.0,97.5,
01089010801,Madison County,Madison County,1,5691,0.0,0.49,0,7.8,133182.0,5471.0,1280,881,19.0,119.0,0.0,3642,3501.0,819,564,12.0,76.0,63.99578281497101,63.99195759458966,63.984375,64.01816118047672,63.1578947368421,63.865546218487395,
01081041200,Lee County,Lee County,1,4986,0.0,0.0,0,5.6,111977.0,5262.0,1058,1041,84.0,271.0,0.0,3453,3644.0,733,721,58.0,188.0,69.25391095066185,69.25123527175978,69.28166351606805,69.26032660902978,69.04761904761905,69.37269372693727,
01081042002,Lee County,Lee County,1,8883,0.0,0.0,0,14.0,120813.0,6488.0,1999,1310,85.0,85.0,0.0,5010,3660.0,1128,739,48.0,48.0,56.39986491050321,56.41183723797781,56.42821410705353,56.412213740458014,56.470588235294116,56.470588235294116,
01121010101,Talladega County,Talladega County,1,5481,0.0,0.0,0,7.4,94157.0,3910.0,1264,888,34.0,204.0,0.0,5156,3678.0,1189,835,32.0,192.0,94.07042510490787,94.06649616368287,94.06645569620254,94.03153153153153,94.11764705882354,94.11764705882354,
01125010205,Tuscaloosa County,Tuscaloosa County,1,6938,0.0,0.0,0,4.3,128945.0,6888.0,1919,819,0.0,132.0,0.0,3764,3737.0,1041,444,0.0,72.0,54.2519458057077,54.25377468060395,54.247003647733194,54.21245421245421,,54.54545454545455,
01117030331,Shelby County,Shelby County,1,4509,0.0,0.0,0,8.4,151412.0,4000.0,1210,577,16.0,64.0,0.0,4221,3745.0,1133,540,15.0,60.0,93.6127744510978,93.625,93.63636363636364,93.58752166377816,93.75,93.75,
01089010704,Madison County,Madison County,1,6164,0.0,0.0,0,4.7,101869.0,6081.0,1447,1051,28.0,57.0,0.0,3814,3763.0,895,650,17.0,35.0,61.87540558079169,61.88126952803815,61.85210780926054,61.84586108468125,60.714285714285715,61.40350877192982,
01073011115,Jefferson County,Jefferson County,1,5736,0.0,3.92,0,3.5,116830.0,4191.0,1388,1017,126.0,0.0,0.0,5154,3766.0,1247,914,113.0,0.0,89.85355648535565,89.8592221426867,89.8414985590778,89.87217305801377,89.68253968253968,,
01073010803,Jefferson County,Jefferson County,1,6514,0.0,0.18,0,7.8,144890.0,5105.0,1252,1061,16.0,86.0,0.0,4992,3912.0,959,813,12.0,66.0,76.63494012895302,76.6307541625857,76.59744408945687,76.6258246936852,75.0,76.74418604651163,
01117030352,Shelby County,Shelby County,1,6077,0.0,0.0,0,7.2,133488.0,5579.0,1294,1515,58.0,19.0,0.0,4306,3953.0,917,1074,41.0,13.0,70.85733091986178,70.85499193403835,70.86553323029366,70.89108910891089,70.6896551724138,68.42105263157895,
01073014209,Jefferson County,Jefferson County,1,4612,0.0,0.0,0,8.7,139098.0,4375.0,1059,679,11.0,122.0,0.0,4192,3977.0,963,617,10.0,111.0,90.89332176929749,90.90285714285714,90.93484419263456,90.86892488954345,90.9090909090909,90.98360655737704,
01125010406,Tuscaloosa County,Tuscaloosa County,1,4571,0.0,0.0,0,1.8,154097.0,4722.0,1143,1080,103.0,24.0,0.0,3855,3982.0,964,911,87.0,20.0,84.3360315029534,84.32867429055484,84.33945756780402,84.35185185185185,84.46601941747574,83.33333333333333,
01089011201,Madison County,Madison County,1,5559,0.0,0.0,0,7.3,182592.0,4803.0,1017,598,48.0,51.0,0.0,4642,4011.0,849,499,40.0,43.0,83.50422737902501,83.5103060587133,83.48082595870207,83.4448160535117,83.33333333333333,84.31372549019608,
01089011202,Madison County,Madison County,1,4837,0.0,0.0,0,11.6,137108.0,4500.0,705,601,92.0,113.0,0.0,4442,4133.0,647,552,84.0,104.0,91.83378126938184,91.84444444444445,91.77304964539007,91.846921797005,91.30434782608695,92.03539823008849,
01089010623,Madison County,Madison County,1,7376,0.0,0.0,0,0.8,143043.0,7050.0,1817,981,0.0,135.0,0.0,4370,4177.0,1076,581,0.0,80.0,59.246203904555315,59.248226950354606,59.21849201981288,59.225280326197755,,59.25925925925926,
01117030304,Shelby County,Shelby County,1,6311,0.0,0.79,0,5.4,165063.0,5424.0,1388,1359,45.0,17.0,0.0,4941,4247.0,1087,1064,35.0,13.0,78.29187133576295,78.30014749262537,78.31412103746398,78.29286239882266,77.77777777777777,76.47058823529412,
01073014406,Jefferson County,Jefferson County,1,6219,0.0,0.96,0,4.3,157554.0,5395.0,1506,1276,0.0,0.0,0.0,4919,4268.0,1191,1009,0.0,0.0,79.09631773597042,79.11028730305839,79.08366533864542,79.07523510971787,,,
01089010631,Madison County,Madison County,1,4782,0.0,0.0,0,1.3,158750.0,5167.0,1052,724,13.0,0.0,0.0,4010,4333.0,882,607,11.0,0.0,83.85612714345463,83.8591058641378,83.8403041825095,83.83977900552486,84.61538461538461,,
01117030607,Shelby County,Shelby County,1,6175,0.0,0.0,0,3.1,122528.0,6211.0,1595,821,78.0,15.0,0.0,4382,4407.0,1132,583,55.0,11.0,70.96356275303644,70.95475768797296,70.9717868338558,71.01096224116931,70.51282051282051,73.33333333333333,
01089011203,Madison County,Madison County,1,5480,0.0,0.0,0,5.8,120591.0,5810.0,1417,616,105.0,68.0,0.0,4187,4439.0,1083,471,80.0,52.0,76.4051094890511,76.4027538726334,76.42907551164431,76.46103896103897,76.19047619047619,76.47058823529412,
01125010101,Tuscaloosa County,Tuscaloosa County,1,3905,0.0,0.0,0,3.4,141760.0,4458.0,1015,662,4.0,0.0,0.0,3905,4458.0,1015,662,4.0,0.0,100.0,100.0,100.0,100.0,100.0,,
01073014414,Jefferson County,Jefferson County,1,7006,0.0,0.09,0,0.9,133681.0,5863.0,1502,1492,27.0,0.0,0.0,5515,4615.0,1182,1174,21.0,0.0,78.71824150727947,78.7139689578714,78.69507323568575,78.68632707774799,77.77777777777777,,
01101005607,Montgomery County,Montgomery County,1,5640,0.0,0.0,0,8.9,135428.0,5179.0,1663,591,10.0,39.0,0.0,5149,4728.0,1518,540,9.0,36.0,91.29432624113475,91.29175516508978,91.28081779915814,91.37055837563452,90.0,92.3076923076923,
01117030220,Shelby County,Shelby County,1,5827,0.0,0.38,0,3.0,189665.0,5225.0,1085,1564,66.0,0.0,0.0,5322,4772.0,991,1428,60.0,0.0,91.33344774326412,91.33014354066985,91.33640552995392,91.30434782608695,90.9090909090909,,
01073010806,Jefferson County,Jefferson County,1,6486,0.0,0.12,0,4.2,179009.0,5069.0,1578,1298,16.0,0.0,0.0,6117,4781.0,1488,1224,15.0,0.0,94.31082331174838,94.31840599723812,94.29657794676807,94.29892141756548,93.75,,
01117030613,Shelby County,Shelby County,1,6935,0.0,0.0,0,7.3,101713.0,6184.0,1785,812,0.0,274.0,0.0,5375,4793.0,1383,629,0.0,212.0,77.50540735400145,77.50646830530401,77.47899159663865,77.46305418719211,,77.37226277372262,
01089011012,Madison County,Madison County,1,6040,0.0,0.0,0,1.9,183851.0,5897.0,1374,1043,0.0,25.0,0.0,4944,4827.0,1125,854,0.0,20.0,81.8543046357616,81.85518060030525,81.87772925764192,81.87919463087249,,80.0,
01089010903,Madison County,Madison County,1,6582,0.0,0.0,0,2.8,119853.0,6193.0,1800,915,36.0,33.0,0.0,5138,4834.0,1405,714,28.0,26.0,78.06137951990277,78.05586953011465,78.05555555555556,78.0327868852459,77.77777777777777,78.78787878787878,
01081040501,Lee County,Lee County,1,6514,0.0,0.0,0,5.0,135179.0,6786.0,1655,1212,23.0,84.0,0.0,4655,4849.0,1183,866,16.0,60.0,71.46146760822843,71.455938697318,71.48036253776435,71.45214521452145,69.56521739130434,71.42857142857143,
01089010504,Madison County,Madison County,1,7570,0.0,0.0,0,6.8,147667.0,5908.0,1836,1053,64.0,129.0,0.0,6239,4869.0,1513,868,53.0,106.0,82.41743725231176,82.41367637102235,82.4074074074074,82.43114909781576,82.8125,82.17054263565892,
01083021202,Limestone County,Limestone County,1,6460,0.0,0.0,0,2.3,140509.0,5591.0,1714,735,0.0,93.0,0.0,5795,5016.0,1538,659,0.0,83.0,89.70588235294117,89.71561438025398,89.7316219369895,89.65986394557824,,89.24731182795699,
01073014208,Jefferson County,Jefferson County,1,6433,0.0,0.0,0,1.2,158131.0,5700.0,1469,812,21.0,79.0,0.0,5695,5046.0,1301,719,19.0,70.0,88.52790300015545,88.52631578947368,88.56364874063989,88.54679802955665,90.47619047619048,88.60759493670886,
01073012703,Jefferson County,Jefferson County,1,7347,0.0,0.64,0,10.1,203664.0,5697.0,2006,908,0.0,0.0,0.0,6960,5397.0,1900,860,0.0,0.0,94.73254389546754,94.73407056345445,94.71585244267199,94.7136563876652,,,
01083021201,Limestone County,Limestone County,1,8733,0.0,0.39,0,3.2,175744.0,8685.0,2665,810,0.0,46.0,0.0,5507,5476.0,1680,511,0.0,29.0,63.05965876560174,63.051237766263675,63.03939962476548,63.08641975308642,,63.04347826086956,
01089010102,Madison County,Madison County,1,5486,0.0,0.0,0,5.4,129057.0,5856.0,1450,640,56.0,44.0,0.0,5306,5664.0,1402,619,54.0,43.0,96.718920889537,96.72131147540983,96.6896551724138,96.71875,96.42857142857143,97.72727272727273,
01117030216,Shelby County,Shelby County,1,8070,0.0,0.0,0,3.5,173674.0,7413.0,1759,1665,128.0,55.0,0.0,6248,5739.0,1362,1289,99.0,43.0,77.42255266418836,77.41804937272359,77.43035815804434,77.41741741741741,77.34375,78.18181818181819,
01117030336,Shelby County,Shelby County,1,9126,0.0,0.0,0,1.2,155974.0,8107.0,2928,782,0.0,0.0,0.0,6810,6050.0,2185,584,0.0,0.0,74.62195923734386,74.6268656716418,74.6243169398907,74.68030690537084,,,
01081041001,Lee County,Lee County,1,7376,0.0,0.0,0,2.3,159360.0,8001.0,2182,714,34.0,27.0,0.0,5607,6082.0,1659,543,26.0,21.0,76.01681127982647,76.01549806274215,76.03116406966086,76.05042016806723,76.47058823529412,77.77777777777777,

